age,sex,job,housing,saving_accounts,checking_account,credit_amount,duration,purpose
67.0,male,2,own,,little,1169.0,6.0,radio/TV
22.0,female,2,own,little,moderate,5951.0,48.0,radio/TV
49.0,male,1,own,little,,2096.0,12.0,education
45.0,male,2,free,little,little,7882.0,42.0,furniture/equipment
53.0,male,2,free,little,little,4870.0,24.0,car
35.0,male,1,free,,,9055.0,36.0,education
53.0,male,2,own,quite rich,,2835.0,24.0,furniture/equipment
35.0,male,3,rent,little,moderate,6948.0,36.0,car
61.0,male,1,own,rich,,3059.0,12.0,radio/TV
28.0,male,3,own,little,moderate,5234.0,30.0,car
25.0,female,2,rent,little,moderate,1295.0,12.0,car
24.0,female,2,rent,little,little,4308.0,48.0,business
22.0,female,2,own,little,moderate,1567.0,12.0,radio/TV
60.0,male,1,own,little,little,1199.0,24.0,car
28.0,female,2,rent,little,little,1403.0,15.0,car
32.0,female,1,own,moderate,little,1282.0,24.0,radio/TV
53.0,male,2,own,,,2424.0,24.0,radio/TV
25.0,male,2,own,,little,8072.0,30.0,business
44.0,female,3,free,little,moderate,12579.0,24.0,car
31.0,male,2,own,quite rich,,3430.0,24.0,radio/TV
48.0,male,2,own,little,,2134.0,9.0,car
44.0,male,2,rent,quite rich,little,2647.0,6.0,radio/TV
48.0,male,1,rent,little,little,2241.0,10.0,car
44.0,male,2,own,moderate,moderate,1804.0,12.0,car
26.0,male,2,own,,,2069.0,10.0,furniture/equipment
36.0,male,1,own,little,little,1374.0,6.0,furniture/equipment
39.0,male,1,own,little,,426.0,6.0,radio/TV
42.0,female,2,rent,rich,rich,409.0,12.0,radio/TV
34.0,male,2,own,little,moderate,2415.0,7.0,radio/TV
63.0,male,2,own,little,little,6836.0,60.0,business
36.0,male,2,own,rich,moderate,1913.0,18.0,business
27.0,male,2,own,little,little,4020.0,24.0,furniture/equipment
30.0,male,2,own,moderate,moderate,5866.0,18.0,car
57.0,male,1,rent,,,1264.0,12.0,business
33.0,female,3,own,little,rich,1474.0,12.0,furniture/equipment
25.0,male,1,own,little,moderate,4746.0,45.0,radio/TV
31.0,male,2,free,little,,6110.0,48.0,education
37.0,male,2,own,little,rich,2100.0,18.0,radio/TV
37.0,male,2,own,little,rich,1225.0,10.0,domestic appliances
24.0,male,2,own,little,moderate,458.0,9.0,radio/TV
30.0,male,3,own,quite rich,,2333.0,30.0,radio/TV
26.0,male,2,own,quite rich,moderate,1158.0,12.0,radio/TV
44.0,male,1,own,little,moderate,6204.0,18.0,repairs
24.0,male,2,rent,moderate,little,6187.0,30.0,car
58.0,female,1,free,little,little,6143.0,48.0,car
35.0,female,3,own,little,,1393.0,11.0,car
39.0,male,2,own,quite rich,,2299.0,36.0,radio/TV
23.0,female,0,rent,quite rich,little,1352.0,6.0,car
39.0,male,1,own,little,,7228.0,11.0,car
28.0,female,2,own,moderate,,2073.0,12.0,radio/TV
29.0,male,1,own,,moderate,2333.0,24.0,furniture/equipment
30.0,male,3,own,little,moderate,5965.0,27.0,car
25.0,male,2,own,little,,1262.0,12.0,radio/TV
31.0,male,2,own,,,3378.0,18.0,car
57.0,male,2,free,little,moderate,2225.0,36.0,car
26.0,male,1,own,,,783.0,6.0,car
52.0,male,3,own,,moderate,6468.0,12.0,radio/TV
31.0,female,2,own,little,,9566.0,36.0,radio/TV
23.0,female,3,own,little,rich,1961.0,18.0,car
23.0,female,1,rent,little,little,6229.0,36.0,furniture/equipment
27.0,male,2,own,little,moderate,1391.0,9.0,business
50.0,male,2,own,,moderate,1537.0,15.0,radio/TV
61.0,male,3,free,little,moderate,1953.0,36.0,business
25.0,male,2,own,little,moderate,14421.0,48.0,business
26.0,female,2,own,little,,3181.0,24.0,radio/TV
48.0,male,2,own,,,5190.0,27.0,repairs
29.0,female,2,own,little,,2171.0,12.0,radio/TV
22.0,male,2,own,rich,moderate,1007.0,12.0,car
37.0,male,2,free,little,,1819.0,36.0,education
25.0,female,2,own,,,2394.0,36.0,radio/TV
30.0,female,2,own,little,,8133.0,36.0,car
46.0,male,1,rent,,,730.0,7.0,radio/TV
51.0,male,3,free,little,little,1164.0,8.0,vacation/others
41.0,female,1,own,little,moderate,5954.0,42.0,business
40.0,male,3,own,,little,1977.0,36.0,education
66.0,male,3,free,little,little,1526.0,12.0,car
34.0,male,2,own,little,little,3965.0,42.0,radio/TV
51.0,male,2,own,little,moderate,4771.0,11.0,radio/TV
39.0,male,1,own,,,9436.0,54.0,car
22.0,male,2,own,little,moderate,3832.0,30.0,furniture/equipment
44.0,female,2,own,,,5943.0,24.0,radio/TV
47.0,male,2,own,quite rich,,1213.0,15.0,radio/TV
24.0,female,1,rent,moderate,,1568.0,18.0,business
58.0,female,1,own,little,little,1755.0,24.0,vacation/others
52.0,male,1,own,little,little,2315.0,10.0,radio/TV
29.0,female,3,own,little,,1412.0,12.0,business
27.0,female,2,own,little,moderate,1295.0,18.0,furniture/equipment
47.0,male,2,free,moderate,moderate,12612.0,36.0,education
30.0,male,3,own,moderate,little,2249.0,18.0,car
28.0,male,2,own,little,little,1108.0,12.0,repairs
56.0,male,2,own,little,,618.0,12.0,radio/TV
54.0,male,2,own,little,little,1409.0,12.0,car
33.0,female,1,own,,,797.0,12.0,radio/TV
20.0,male,2,rent,,rich,3617.0,24.0,furniture/equipment
54.0,male,2,own,rich,moderate,1318.0,12.0,car
58.0,male,2,rent,little,moderate,15945.0,54.0,business
61.0,female,2,own,,,2012.0,12.0,education
34.0,male,2,own,moderate,moderate,2622.0,18.0,business
36.0,male,2,own,little,moderate,2337.0,36.0,radio/TV
36.0,male,3,rent,,moderate,7057.0,20.0,car
41.0,male,1,rent,moderate,,1469.0,24.0,car
24.0,male,2,rent,little,moderate,2323.0,36.0,radio/TV
24.0,female,2,own,little,,932.0,6.0,radio/TV
35.0,male,2,rent,little,moderate,1919.0,9.0,furniture/equipment
26.0,male,2,rent,,,2445.0,12.0,car
39.0,male,3,own,little,moderate,11938.0,24.0,vacation/others
39.0,male,3,own,little,,6458.0,18.0,car
32.0,male,2,own,little,moderate,6078.0,12.0,car
30.0,female,2,own,,little,7721.0,24.0,furniture/equipment
35.0,male,2,own,quite rich,moderate,1410.0,14.0,business
31.0,male,2,own,moderate,moderate,1449.0,6.0,business
23.0,female,2,rent,little,rich,392.0,15.0,education
28.0,male,1,rent,little,moderate,6260.0,18.0,car
25.0,female,2,own,little,,7855.0,36.0,car
35.0,male,2,own,quite rich,little,1680.0,12.0,radio/TV
47.0,male,2,own,,,3578.0,48.0,radio/TV
30.0,female,3,own,,little,7174.0,42.0,radio/TV
27.0,female,2,rent,,little,2132.0,10.0,furniture/equipment
23.0,female,2,own,quite rich,little,4281.0,33.0,furniture/equipment
36.0,male,3,own,quite rich,moderate,2366.0,12.0,car
25.0,female,2,own,little,little,1835.0,21.0,radio/TV
41.0,female,3,rent,little,,3868.0,24.0,car
24.0,male,1,rent,little,,1768.0,12.0,furniture/equipment
63.0,male,2,free,little,rich,781.0,10.0,car
27.0,female,2,rent,,moderate,1924.0,18.0,furniture/equipment
30.0,male,2,own,little,little,2121.0,12.0,car
40.0,male,1,own,little,little,701.0,12.0,radio/TV
30.0,male,2,own,little,moderate,639.0,12.0,repairs
34.0,male,3,own,little,moderate,1860.0,12.0,car
29.0,female,2,own,little,little,3499.0,12.0,car
24.0,female,2,own,,moderate,8487.0,48.0,car
29.0,male,2,own,little,little,6887.0,36.0,education
27.0,male,1,own,little,,2708.0,15.0,furniture/equipment
47.0,male,2,free,little,,1984.0,18.0,furniture/equipment
21.0,female,2,own,moderate,,10144.0,60.0,radio/TV
38.0,female,2,own,,,1240.0,12.0,radio/TV
27.0,male,2,own,rich,,8613.0,27.0,car
66.0,male,1,own,quite rich,moderate,766.0,12.0,radio/TV
35.0,male,2,own,,moderate,2728.0,15.0,radio/TV
44.0,female,1,rent,little,rich,1881.0,12.0,radio/TV
27.0,male,0,own,rich,rich,709.0,6.0,car
30.0,female,3,own,little,moderate,4795.0,36.0,radio/TV
27.0,male,3,own,little,little,3416.0,27.0,radio/TV
22.0,male,2,own,little,little,2462.0,18.0,furniture/equipment
23.0,female,2,own,little,,2288.0,21.0,furniture/equipment
30.0,male,2,own,moderate,moderate,3566.0,48.0,business
39.0,female,2,own,little,little,860.0,6.0,car
51.0,female,2,own,moderate,,682.0,12.0,car
28.0,male,2,own,little,little,5371.0,36.0,furniture/equipment
46.0,male,2,own,rich,,1582.0,18.0,radio/TV
42.0,male,2,free,moderate,,1346.0,6.0,radio/TV
38.0,male,2,own,little,,1924.0,10.0,radio/TV
24.0,male,2,own,little,rich,5848.0,36.0,radio/TV
29.0,female,2,rent,rich,moderate,7758.0,24.0,car
36.0,male,3,rent,moderate,moderate,6967.0,24.0,business
20.0,female,2,rent,little,little,1282.0,12.0,furniture/equipment
48.0,male,2,own,moderate,little,1288.0,9.0,repairs
45.0,male,1,own,little,little,339.0,12.0,education
38.0,male,2,own,moderate,moderate,3512.0,24.0,car
34.0,male,1,own,,,1898.0,6.0,radio/TV
36.0,male,2,own,moderate,,2872.0,24.0,radio/TV
30.0,female,2,own,little,,1055.0,18.0,car
36.0,male,2,own,quite rich,,1262.0,15.0,domestic appliances
70.0,male,3,free,little,moderate,7308.0,10.0,car
36.0,male,2,own,quite rich,,909.0,36.0,car
32.0,male,2,own,quite rich,,2978.0,6.0,furniture/equipment
33.0,female,2,own,little,little,1131.0,18.0,furniture/equipment
20.0,female,2,own,rich,moderate,1577.0,11.0,furniture/equipment
25.0,female,2,rent,little,,3972.0,24.0,furniture/equipment
31.0,male,2,own,little,moderate,1935.0,24.0,business
33.0,male,2,rent,little,little,950.0,15.0,car
26.0,female,2,own,little,,763.0,12.0,furniture/equipment
34.0,female,3,own,little,moderate,2064.0,24.0,furniture/equipment
33.0,male,2,own,little,moderate,1414.0,8.0,radio/TV
26.0,male,2,own,little,little,3414.0,21.0,education
53.0,female,3,own,,,7485.0,30.0,car
42.0,male,2,own,little,little,2577.0,12.0,furniture/equipment
52.0,male,2,own,quite rich,little,338.0,6.0,radio/TV
31.0,male,3,rent,little,,1963.0,12.0,radio/TV
65.0,male,2,own,little,little,571.0,21.0,car
28.0,male,2,own,little,,9572.0,36.0,business
30.0,male,3,own,little,moderate,4455.0,36.0,business
40.0,male,1,own,,little,1647.0,21.0,car
50.0,male,2,own,rich,,3777.0,24.0,furniture/equipment
36.0,male,2,own,little,moderate,884.0,18.0,car
31.0,male,2,own,little,,1360.0,15.0,radio/TV
74.0,female,3,free,little,moderate,5129.0,9.0,car
68.0,male,0,free,little,moderate,1175.0,16.0,car
20.0,male,2,own,moderate,little,674.0,12.0,radio/TV
33.0,female,2,own,little,moderate,3244.0,18.0,furniture/equipment
54.0,male,3,own,rich,,4591.0,24.0,business
34.0,male,1,free,moderate,moderate,3844.0,48.0,business
36.0,male,2,own,little,moderate,3915.0,27.0,business
29.0,male,2,rent,little,,2108.0,6.0,radio/TV
21.0,male,2,rent,moderate,moderate,3031.0,45.0,radio/TV
34.0,female,3,own,little,moderate,1501.0,9.0,education
28.0,female,2,own,little,,1382.0,6.0,radio/TV
27.0,female,2,rent,moderate,moderate,951.0,12.0,furniture/equipment
36.0,male,2,free,,moderate,2760.0,24.0,car
40.0,male,3,own,little,moderate,4297.0,18.0,furniture/equipment
52.0,male,2,own,quite rich,,936.0,9.0,education
27.0,male,1,own,little,little,1168.0,12.0,car
26.0,male,2,own,little,,5117.0,27.0,business
21.0,male,2,rent,little,little,902.0,12.0,education
38.0,male,1,own,little,,1495.0,12.0,car
38.0,male,3,free,little,little,10623.0,30.0,car
43.0,male,2,own,little,,1935.0,12.0,furniture/equipment
26.0,male,2,own,little,moderate,1424.0,12.0,domestic appliances
21.0,male,1,own,little,little,6568.0,24.0,business
55.0,male,2,own,rich,,1413.0,12.0,car
33.0,male,2,own,,,3074.0,9.0,radio/TV
45.0,female,1,own,,,3835.0,36.0,radio/TV
50.0,male,2,own,little,little,5293.0,27.0,business
66.0,male,3,own,little,rich,1908.0,30.0,business
51.0,male,2,own,,,3342.0,36.0,radio/TV
39.0,female,1,own,,moderate,932.0,6.0,education
31.0,male,2,own,little,little,3104.0,18.0,business
23.0,male,2,own,little,rich,3913.0,36.0,radio/TV
24.0,male,1,rent,little,little,3021.0,24.0,furniture/equipment
64.0,female,2,own,little,,1364.0,10.0,car
26.0,male,1,own,little,moderate,625.0,12.0,radio/TV
23.0,female,2,rent,,little,1200.0,12.0,education
30.0,male,2,own,little,,707.0,12.0,radio/TV
32.0,male,2,own,,,2978.0,24.0,business
30.0,male,2,own,little,,4657.0,15.0,car
27.0,male,2,own,little,,2613.0,36.0,repairs
27.0,male,2,own,rich,moderate,10961.0,48.0,radio/TV
53.0,male,3,free,little,little,7865.0,12.0,furniture/equipment
22.0,male,2,own,little,,1478.0,9.0,radio/TV
22.0,male,2,free,little,little,3149.0,24.0,furniture/equipment
26.0,male,2,own,little,rich,4210.0,36.0,radio/TV
51.0,male,1,free,quite rich,,2507.0,9.0,car
35.0,male,2,own,moderate,,2141.0,12.0,radio/TV
25.0,male,1,own,little,moderate,866.0,18.0,radio/TV
42.0,male,1,own,little,,1544.0,4.0,radio/TV
30.0,male,3,own,little,little,1823.0,24.0,radio/TV
23.0,male,0,own,,moderate,14555.0,6.0,car
61.0,male,1,rent,moderate,moderate,2767.0,21.0,business
35.0,female,2,own,little,,1291.0,12.0,radio/TV
39.0,male,2,own,little,little,2522.0,30.0,radio/TV
29.0,female,2,own,,little,915.0,24.0,car
51.0,male,2,own,little,,1595.0,6.0,radio/TV
24.0,male,2,free,little,little,4605.0,48.0,car
27.0,female,2,own,little,,1185.0,12.0,business
35.0,female,1,own,quite rich,,3447.0,12.0,education
25.0,male,2,own,little,,1258.0,24.0,business
52.0,male,2,own,little,,717.0,12.0,radio/TV
35.0,male,2,rent,moderate,,1204.0,6.0,car
26.0,male,2,own,little,rich,1925.0,24.0,furniture/equipment
22.0,female,2,rent,little,,433.0,18.0,radio/TV
39.0,female,1,own,rich,little,666.0,6.0,car
46.0,female,1,own,little,rich,2251.0,12.0,furniture/equipment
24.0,female,2,own,little,moderate,2150.0,30.0,car
35.0,male,2,own,moderate,,4151.0,24.0,furniture/equipment
24.0,male,2,own,,moderate,2030.0,9.0,furniture/equipment
27.0,male,1,own,,moderate,7418.0,60.0,radio/TV
35.0,male,1,own,little,,2684.0,24.0,radio/TV
29.0,male,2,free,little,little,2149.0,12.0,radio/TV
23.0,female,2,own,moderate,,3812.0,15.0,car
57.0,female,1,own,moderate,,1154.0,11.0,radio/TV
27.0,male,2,own,little,little,1657.0,12.0,furniture/equipment
55.0,female,2,own,little,little,1603.0,24.0,radio/TV
36.0,male,3,free,little,little,5302.0,18.0,car
57.0,female,1,free,little,,2748.0,12.0,education
32.0,male,1,own,little,,1231.0,10.0,car
37.0,male,2,own,little,moderate,802.0,15.0,radio/TV
36.0,male,2,own,,,6304.0,36.0,business
38.0,female,2,own,little,,1533.0,24.0,radio/TV
45.0,male,3,own,little,little,8978.0,14.0,car
25.0,male,2,own,,,999.0,24.0,radio/TV
32.0,male,2,own,,,2662.0,18.0,car
37.0,female,2,rent,quite rich,,1402.0,12.0,furniture/equipment
36.0,male,3,free,,moderate,12169.0,48.0,car
28.0,male,2,own,little,moderate,3060.0,48.0,radio/TV
34.0,male,1,own,little,little,11998.0,30.0,repairs
32.0,male,2,own,little,,2697.0,9.0,radio/TV
26.0,female,2,own,little,,2404.0,18.0,radio/TV
49.0,male,1,own,,little,1262.0,12.0,furniture/equipment
32.0,female,2,own,little,,4611.0,6.0,furniture/equipment
29.0,male,3,rent,moderate,,1901.0,24.0,radio/TV
23.0,male,2,rent,rich,,3368.0,15.0,car
50.0,male,2,own,little,,1574.0,12.0,furniture/equipment
49.0,male,1,own,,rich,1445.0,18.0,radio/TV
63.0,male,2,own,,,1520.0,15.0,furniture/equipment
37.0,male,2,own,moderate,moderate,3878.0,24.0,car
35.0,female,1,own,little,little,10722.0,47.0,car
26.0,male,2,own,little,little,4788.0,48.0,car
31.0,male,3,free,moderate,moderate,7582.0,48.0,vacation/others
49.0,female,2,own,little,moderate,1092.0,12.0,radio/TV
48.0,male,2,own,little,little,1024.0,24.0,radio/TV
26.0,male,2,own,little,,1076.0,12.0,business
28.0,male,3,rent,little,moderate,9398.0,36.0,car
44.0,female,3,free,little,little,6419.0,24.0,car
56.0,male,2,free,little,rich,4796.0,42.0,car
46.0,male,3,own,,,7629.0,48.0,business
26.0,female,2,own,little,moderate,9960.0,48.0,furniture/equipment
20.0,female,2,rent,,,4675.0,12.0,car
45.0,male,1,own,,,1287.0,10.0,car
43.0,male,2,own,little,,2515.0,18.0,furniture/equipment
32.0,male,2,own,rich,moderate,2745.0,21.0,furniture/equipment
54.0,female,0,own,little,,672.0,6.0,car
42.0,female,2,own,little,moderate,3804.0,36.0,radio/TV
37.0,male,1,own,,rich,1344.0,24.0,car
49.0,male,2,own,little,little,1038.0,10.0,car
44.0,male,2,free,quite rich,,10127.0,48.0,car
33.0,male,2,own,rich,,1543.0,6.0,furniture/equipment
24.0,female,1,rent,,,4811.0,30.0,car
33.0,male,1,own,moderate,little,727.0,12.0,radio/TV
24.0,female,2,own,little,moderate,1237.0,8.0,furniture/equipment
22.0,male,1,rent,little,moderate,276.0,9.0,car
40.0,male,0,free,,moderate,5381.0,48.0,vacation/others
25.0,male,2,own,moderate,,5511.0,24.0,furniture/equipment
26.0,female,2,own,little,rich,3749.0,24.0,furniture/equipment
25.0,male,1,own,little,moderate,685.0,12.0,car
29.0,male,1,own,,rich,1494.0,4.0,car
31.0,male,2,own,little,little,2746.0,36.0,furniture/equipment
38.0,male,1,own,little,little,708.0,12.0,furniture/equipment
48.0,female,1,own,,moderate,4351.0,24.0,furniture/equipment
32.0,male,2,own,little,,701.0,12.0,education
27.0,female,1,own,little,little,3643.0,15.0,furniture/equipment
28.0,male,3,own,little,moderate,4249.0,30.0,car
32.0,male,2,own,little,little,1938.0,24.0,radio/TV
34.0,male,3,free,little,little,2910.0,24.0,car
28.0,male,2,own,rich,little,2659.0,18.0,furniture/equipment
36.0,female,2,own,little,,1028.0,18.0,car
39.0,male,1,own,little,little,3398.0,8.0,car
49.0,male,2,rent,,,5801.0,12.0,furniture/equipment
34.0,female,2,own,rich,,1525.0,24.0,car
31.0,male,2,own,little,rich,4473.0,36.0,radio/TV
28.0,male,2,own,little,moderate,1068.0,6.0,radio/TV
75.0,male,3,free,little,little,6615.0,24.0,car
30.0,female,2,own,moderate,,1864.0,18.0,education
24.0,female,3,own,moderate,moderate,7408.0,60.0,car
24.0,female,1,rent,moderate,,11590.0,48.0,car
23.0,male,2,rent,little,little,4110.0,24.0,furniture/equipment
44.0,male,3,rent,little,little,3384.0,6.0,furniture/equipment
23.0,female,1,own,little,moderate,2101.0,13.0,radio/TV
24.0,female,2,rent,,little,1275.0,15.0,domestic appliances
28.0,male,2,own,little,little,4169.0,24.0,furniture/equipment
31.0,male,1,own,little,moderate,1521.0,10.0,furniture/equipment
24.0,female,2,free,little,moderate,5743.0,24.0,education
26.0,female,1,rent,little,little,3599.0,21.0,furniture/equipment
25.0,male,2,rent,quite rich,moderate,3213.0,18.0,radio/TV
33.0,male,3,own,little,moderate,4439.0,18.0,business
37.0,male,1,own,little,rich,3949.0,10.0,car
43.0,female,1,own,little,,1459.0,15.0,radio/TV
23.0,male,2,own,little,moderate,882.0,13.0,radio/TV
23.0,female,0,rent,quite rich,moderate,3758.0,24.0,radio/TV
34.0,male,1,own,moderate,,1743.0,6.0,business
32.0,male,2,free,rich,moderate,1136.0,9.0,education
23.0,female,2,rent,little,,1236.0,9.0,domestic appliances
29.0,female,2,own,little,moderate,959.0,9.0,furniture/equipment
38.0,male,3,own,,,3229.0,18.0,car
28.0,male,2,rent,little,little,6199.0,12.0,radio/TV
46.0,male,2,free,quite rich,,727.0,10.0,education
23.0,male,1,own,little,moderate,1246.0,24.0,car
49.0,male,2,own,,,2331.0,12.0,radio/TV
26.0,male,3,own,little,,4463.0,36.0,radio/TV
28.0,male,2,own,little,,776.0,12.0,radio/TV
23.0,female,2,rent,little,little,2406.0,30.0,furniture/equipment
61.0,male,2,free,,moderate,1239.0,18.0,education
37.0,male,3,own,,rich,3399.0,12.0,radio/TV
36.0,female,2,own,little,rich,2247.0,12.0,car
21.0,male,2,rent,little,,1766.0,6.0,furniture/equipment
25.0,male,0,own,little,little,2473.0,18.0,furniture/equipment
36.0,male,2,own,little,,1542.0,12.0,business
27.0,male,2,own,little,,3850.0,18.0,car
22.0,female,2,rent,little,little,3650.0,18.0,furniture/equipment
42.0,male,2,own,little,little,3446.0,36.0,furniture/equipment
40.0,female,2,rent,little,moderate,3001.0,18.0,furniture/equipment
36.0,male,2,own,,,3079.0,36.0,car
33.0,male,2,own,little,,6070.0,18.0,radio/TV
23.0,female,2,rent,little,,2146.0,10.0,furniture/equipment
63.0,male,3,free,,,13756.0,60.0,car
60.0,female,3,free,moderate,moderate,14782.0,60.0,vacation/others
37.0,female,2,rent,little,little,7685.0,48.0,business
34.0,male,2,own,little,,2320.0,18.0,radio/TV
36.0,male,2,free,,,846.0,7.0,radio/TV
57.0,male,3,free,little,moderate,14318.0,36.0,car
52.0,female,1,own,moderate,,362.0,6.0,car
39.0,male,2,own,,little,2212.0,20.0,furniture/equipment
38.0,female,3,free,little,moderate,12976.0,18.0,car
25.0,female,2,rent,,,1283.0,22.0,car
26.0,male,2,own,little,rich,1330.0,12.0,car
26.0,male,1,own,moderate,,4272.0,30.0,business
25.0,female,2,own,little,,2238.0,18.0,radio/TV
21.0,female,2,rent,,,1126.0,18.0,radio/TV
40.0,male,3,own,little,moderate,7374.0,18.0,furniture/equipment
27.0,male,2,own,quite rich,moderate,2326.0,15.0,business
27.0,female,2,own,little,,1449.0,9.0,business
30.0,male,3,own,little,,1820.0,18.0,car
19.0,female,1,rent,rich,moderate,983.0,12.0,furniture/equipment
39.0,male,3,free,little,little,3249.0,36.0,car
31.0,female,2,own,little,little,1957.0,6.0,radio/TV
31.0,male,3,own,little,,2406.0,9.0,furniture/equipment
32.0,male,2,rent,moderate,moderate,11760.0,39.0,education
55.0,female,3,free,little,little,2578.0,12.0,furniture/equipment
46.0,male,2,own,little,little,2348.0,36.0,furniture/equipment
46.0,male,2,rent,little,moderate,1223.0,12.0,car
43.0,female,1,own,rich,,1516.0,24.0,radio/TV
39.0,male,2,own,little,,1473.0,18.0,radio/TV
28.0,male,2,own,,moderate,1887.0,18.0,business
27.0,male,2,own,little,,8648.0,24.0,business
27.0,male,1,own,little,,802.0,14.0,car
43.0,male,2,own,,moderate,2899.0,18.0,car
22.0,male,2,own,little,moderate,2039.0,24.0,radio/TV
43.0,male,2,own,,,2197.0,24.0,car
27.0,male,2,own,little,little,1053.0,15.0,radio/TV
26.0,male,3,own,quite rich,,3235.0,24.0,radio/TV
28.0,male,2,own,quite rich,rich,939.0,12.0,car
20.0,female,2,own,little,moderate,1967.0,24.0,radio/TV
35.0,male,3,own,little,,7253.0,33.0,car
42.0,male,3,own,little,,2292.0,12.0,business
40.0,male,1,rent,quite rich,,1597.0,10.0,car
35.0,female,2,own,,little,1381.0,24.0,car
35.0,male,2,own,little,,5842.0,36.0,car
33.0,male,1,own,little,little,2579.0,12.0,car
23.0,female,2,rent,,little,8471.0,18.0,education
31.0,female,3,own,quite rich,,2782.0,21.0,car
33.0,female,2,own,,moderate,1042.0,18.0,car
20.0,female,2,rent,rich,,3186.0,15.0,car
30.0,male,2,own,,moderate,2028.0,12.0,car
47.0,male,1,own,little,moderate,958.0,12.0,car
34.0,male,3,own,moderate,,1591.0,21.0,furniture/equipment
25.0,female,2,own,,moderate,2762.0,12.0,furniture/equipment
21.0,male,2,rent,little,moderate,2779.0,18.0,car
29.0,male,2,own,little,,2743.0,28.0,radio/TV
46.0,male,2,own,rich,,1149.0,18.0,radio/TV
20.0,male,2,own,little,,1313.0,9.0,furniture/equipment
55.0,female,0,free,little,little,1190.0,18.0,repairs
74.0,male,1,own,little,,3448.0,5.0,business
29.0,male,3,own,little,moderate,11328.0,24.0,vacation/others
36.0,male,3,free,little,little,1872.0,6.0,furniture/equipment
33.0,male,2,own,little,,2058.0,24.0,repairs
25.0,male,2,own,little,little,2136.0,9.0,furniture/equipment
25.0,male,2,own,,moderate,1484.0,12.0,radio/TV
23.0,male,1,rent,quite rich,,660.0,6.0,repairs
37.0,female,2,own,rich,,1287.0,24.0,car
65.0,male,0,own,little,little,3394.0,42.0,repairs
26.0,female,0,own,little,rich,609.0,12.0,business
39.0,male,3,own,little,,1884.0,12.0,car
30.0,female,2,own,little,little,1620.0,12.0,furniture/equipment
29.0,male,2,own,little,moderate,2629.0,20.0,vacation/others
41.0,male,1,own,little,,719.0,12.0,education
30.0,female,3,own,little,moderate,5096.0,48.0,furniture/equipment
41.0,female,1,rent,,,1244.0,9.0,education
34.0,female,2,own,little,little,1842.0,36.0,car
35.0,male,2,own,little,moderate,2576.0,7.0,radio/TV
55.0,female,3,own,,rich,1424.0,12.0,furniture/equipment
61.0,male,2,own,rich,moderate,1512.0,15.0,repairs
30.0,male,3,own,,,11054.0,36.0,car
29.0,female,2,own,little,,518.0,6.0,radio/TV
34.0,male,2,own,little,,2759.0,12.0,furniture/equipment
35.0,male,3,own,little,,2670.0,24.0,car
31.0,male,2,own,little,little,4817.0,24.0,car
29.0,female,3,own,little,,2679.0,24.0,car
36.0,male,2,rent,little,little,3905.0,11.0,car
35.0,male,2,free,little,little,3386.0,12.0,car
27.0,female,2,own,little,little,343.0,6.0,domestic appliances
32.0,male,2,own,little,,4594.0,18.0,radio/TV
37.0,male,2,own,little,little,3620.0,36.0,furniture/equipment
36.0,male,2,own,little,little,1721.0,15.0,car
34.0,female,3,rent,little,moderate,3017.0,12.0,furniture/equipment
38.0,male,2,own,,moderate,754.0,12.0,education
34.0,male,2,own,little,,1950.0,18.0,business
63.0,male,2,own,little,little,2924.0,24.0,car
29.0,female,1,rent,little,little,1659.0,24.0,radio/TV
32.0,male,2,own,,,7238.0,48.0,radio/TV
26.0,female,2,own,little,,2764.0,33.0,business
35.0,male,1,own,little,,4679.0,24.0,car
22.0,male,2,rent,moderate,moderate,3092.0,24.0,radio/TV
23.0,female,2,own,little,little,448.0,6.0,education
28.0,male,1,own,little,little,654.0,9.0,car
36.0,male,3,own,,,1238.0,6.0,education
33.0,male,2,own,little,moderate,1245.0,18.0,radio/TV
26.0,female,2,rent,little,little,3114.0,18.0,furniture/equipment
24.0,male,2,own,quite rich,,2569.0,39.0,car
25.0,male,2,own,little,rich,5152.0,24.0,radio/TV
39.0,male,1,own,moderate,moderate,1037.0,12.0,business
44.0,male,2,own,little,little,1478.0,15.0,furniture/equipment
23.0,female,1,own,little,moderate,3573.0,12.0,radio/TV
26.0,male,2,own,little,moderate,1201.0,24.0,car
57.0,female,2,rent,rich,little,3622.0,30.0,furniture/equipment
30.0,female,2,own,rich,,960.0,15.0,furniture/equipment
44.0,male,2,own,quite rich,,1163.0,12.0,car
47.0,male,3,own,little,moderate,1209.0,6.0,car
52.0,male,2,own,little,,3077.0,12.0,radio/TV
62.0,female,2,free,little,,3757.0,24.0,car
35.0,male,1,rent,moderate,,1418.0,10.0,car
26.0,male,2,rent,little,,3518.0,6.0,car
26.0,male,2,own,little,,1934.0,12.0,radio/TV
42.0,female,3,free,little,moderate,8318.0,27.0,business
27.0,female,2,own,moderate,,1237.0,6.0,radio/TV
38.0,male,2,own,,moderate,368.0,6.0,radio/TV
39.0,male,1,rent,little,little,2122.0,12.0,car
20.0,male,2,own,,little,2996.0,24.0,furniture/equipment
29.0,male,3,rent,moderate,moderate,9034.0,36.0,furniture/equipment
40.0,male,2,own,little,,1585.0,24.0,furniture/equipment
32.0,male,1,own,little,moderate,1301.0,18.0,radio/TV
28.0,male,2,own,moderate,rich,1323.0,6.0,car
27.0,female,2,own,little,little,3123.0,24.0,car
42.0,male,2,free,little,little,5493.0,36.0,car
49.0,male,2,own,moderate,rich,1126.0,9.0,radio/TV
38.0,male,2,own,moderate,moderate,1216.0,24.0,radio/TV
24.0,female,2,rent,little,little,1207.0,24.0,car
27.0,male,1,own,,,1309.0,10.0,car
36.0,male,2,own,quite rich,rich,2360.0,15.0,car
34.0,male,3,own,moderate,moderate,6850.0,15.0,car
28.0,male,2,own,little,,1413.0,24.0,radio/TV
45.0,male,3,own,moderate,,8588.0,39.0,car
26.0,male,2,own,little,little,759.0,12.0,car
32.0,male,3,free,little,,4686.0,36.0,car
26.0,male,2,rent,little,rich,2687.0,15.0,business
20.0,male,2,rent,little,moderate,585.0,12.0,radio/TV
54.0,male,2,own,,,2255.0,24.0,car
37.0,female,2,own,little,little,609.0,6.0,car
40.0,male,1,own,little,little,1361.0,6.0,car
23.0,female,2,rent,little,,7127.0,36.0,furniture/equipment
43.0,male,2,own,moderate,little,1203.0,6.0,car
36.0,male,2,free,,,700.0,6.0,radio/TV
44.0,male,2,free,little,,5507.0,24.0,repairs
24.0,female,2,own,little,little,3190.0,18.0,radio/TV
53.0,male,2,free,little,little,7119.0,48.0,furniture/equipment
23.0,female,2,own,moderate,,3488.0,24.0,car
26.0,female,1,own,little,moderate,1113.0,18.0,radio/TV
30.0,male,2,own,little,moderate,7966.0,26.0,car
31.0,female,2,own,moderate,,1532.0,15.0,education
42.0,male,1,own,little,,1503.0,4.0,radio/TV
31.0,male,2,rent,little,little,2302.0,36.0,radio/TV
41.0,male,1,own,little,little,662.0,6.0,car
32.0,male,2,own,little,moderate,2273.0,36.0,education
28.0,female,2,rent,moderate,moderate,2631.0,15.0,car
41.0,male,2,rent,little,,1503.0,12.0,car
26.0,male,2,own,moderate,,1311.0,24.0,radio/TV
25.0,male,2,own,,,3105.0,24.0,radio/TV
33.0,male,2,rent,little,rich,2319.0,21.0,education
75.0,female,3,own,,little,1374.0,6.0,car
37.0,female,2,own,little,moderate,3612.0,18.0,furniture/equipment
42.0,male,3,free,little,little,7763.0,48.0,car
45.0,female,1,own,little,rich,3049.0,18.0,furniture/equipment
23.0,male,2,rent,little,moderate,1534.0,12.0,radio/TV
60.0,male,2,free,little,,2032.0,24.0,car
31.0,male,2,own,,little,6350.0,30.0,furniture/equipment
34.0,male,1,own,little,rich,2864.0,18.0,furniture/equipment
61.0,male,1,own,little,,1255.0,12.0,car
43.0,male,2,free,little,little,1333.0,24.0,car
37.0,female,2,own,little,,2022.0,24.0,car
32.0,male,2,own,little,,1552.0,24.0,radio/TV
24.0,female,1,own,little,little,626.0,12.0,radio/TV
35.0,male,2,free,,,8858.0,48.0,car
23.0,female,2,own,,,996.0,12.0,repairs
45.0,male,1,own,quite rich,,1750.0,6.0,radio/TV
34.0,male,2,own,little,little,6999.0,48.0,radio/TV
27.0,male,2,own,moderate,moderate,1995.0,12.0,car
67.0,female,3,own,little,moderate,1199.0,9.0,education
22.0,male,2,own,little,moderate,1331.0,12.0,radio/TV
28.0,female,2,own,moderate,moderate,2278.0,18.0,car
29.0,female,2,own,,,5003.0,21.0,car
27.0,male,2,own,little,little,3552.0,24.0,furniture/equipment
31.0,male,1,own,little,moderate,1928.0,18.0,furniture/equipment
49.0,male,2,free,,little,2964.0,24.0,car
24.0,male,1,rent,little,little,1546.0,24.0,radio/TV
29.0,female,2,own,little,rich,683.0,6.0,radio/TV
37.0,male,2,free,,moderate,12389.0,36.0,car
37.0,male,3,own,,moderate,4712.0,24.0,business
23.0,female,2,rent,moderate,moderate,1553.0,24.0,radio/TV
36.0,male,2,own,little,little,1372.0,12.0,car
34.0,male,2,own,rich,,2578.0,24.0,radio/TV
41.0,male,2,own,,moderate,3979.0,48.0,radio/TV
31.0,female,2,own,little,little,6758.0,48.0,radio/TV
23.0,female,1,rent,little,little,3234.0,24.0,furniture/equipment
38.0,male,2,own,little,,5954.0,30.0,radio/TV
26.0,female,3,rent,,,5433.0,24.0,car
22.0,female,1,own,little,little,806.0,15.0,business
27.0,male,1,own,little,moderate,1082.0,9.0,radio/TV
24.0,female,2,own,little,,2788.0,15.0,furniture/equipment
27.0,female,2,own,little,moderate,2930.0,12.0,radio/TV
33.0,female,2,own,,,1927.0,24.0,education
27.0,male,2,own,little,moderate,2820.0,36.0,car
27.0,male,1,own,little,,937.0,24.0,education
30.0,male,2,own,little,moderate,1056.0,18.0,car
49.0,male,1,own,little,moderate,3124.0,12.0,car
26.0,female,2,rent,little,,1388.0,9.0,furniture/equipment
33.0,male,1,rent,little,moderate,2384.0,36.0,repairs
52.0,female,3,free,,,2133.0,12.0,car
20.0,female,2,rent,little,little,2039.0,18.0,furniture/equipment
36.0,male,2,rent,little,little,2799.0,9.0,car
21.0,male,1,own,little,little,1289.0,12.0,furniture/equipment
47.0,male,1,own,little,little,1217.0,18.0,domestic appliances
60.0,male,2,own,little,little,2246.0,12.0,furniture/equipment
58.0,female,1,own,little,little,385.0,12.0,radio/TV
42.0,female,2,rent,,moderate,1965.0,24.0,car
36.0,female,1,own,rich,,1572.0,21.0,business
20.0,female,1,rent,little,moderate,2718.0,24.0,car
40.0,male,3,own,,little,1358.0,24.0,vacation/others
32.0,female,1,own,moderate,moderate,931.0,6.0,car
23.0,female,2,rent,little,little,1442.0,24.0,car
36.0,male,1,own,little,moderate,4241.0,24.0,business
31.0,male,2,own,little,,2775.0,18.0,car
32.0,male,2,free,little,,3863.0,24.0,business
45.0,female,2,own,little,moderate,2329.0,7.0,radio/TV
30.0,female,2,own,little,moderate,918.0,9.0,furniture/equipment
34.0,female,1,free,little,moderate,1837.0,24.0,education
28.0,female,3,own,little,,3349.0,36.0,furniture/equipment
23.0,female,2,own,little,rich,1275.0,10.0,furniture/equipment
22.0,male,2,own,quite rich,little,2828.0,24.0,furniture/equipment
74.0,male,3,own,little,,4526.0,24.0,business
50.0,female,2,free,moderate,moderate,2671.0,36.0,radio/TV
33.0,male,2,own,little,,2051.0,18.0,radio/TV
45.0,male,2,free,,,1300.0,15.0,car
22.0,female,2,own,moderate,little,741.0,12.0,domestic appliances
48.0,female,1,free,moderate,rich,1240.0,10.0,car
29.0,female,2,own,rich,little,3357.0,21.0,radio/TV
22.0,female,2,rent,little,little,3632.0,24.0,car
22.0,female,2,own,little,,1808.0,18.0,furniture/equipment
48.0,male,3,own,,moderate,12204.0,48.0,business
27.0,male,3,free,,moderate,9157.0,60.0,radio/TV
37.0,male,2,rent,little,little,3676.0,6.0,car
21.0,female,2,rent,moderate,moderate,3441.0,30.0,furniture/equipment
49.0,male,1,own,little,,640.0,12.0,car
27.0,male,2,own,little,moderate,3652.0,21.0,business
32.0,male,2,own,little,,1530.0,18.0,car
38.0,male,2,own,,,3914.0,48.0,business
22.0,female,2,rent,little,little,1858.0,12.0,furniture/equipment
65.0,male,2,free,little,little,2600.0,18.0,radio/TV
35.0,male,2,own,,,1979.0,15.0,radio/TV
41.0,male,2,own,little,rich,2116.0,6.0,furniture/equipment
29.0,male,2,own,moderate,moderate,1437.0,9.0,car
36.0,male,2,own,quite rich,,4042.0,42.0,furniture/equipment
64.0,male,1,own,,,3832.0,9.0,education
28.0,female,2,own,little,little,3660.0,24.0,radio/TV
44.0,male,2,own,little,little,1553.0,18.0,furniture/equipment
23.0,male,2,own,,moderate,1444.0,15.0,radio/TV
19.0,female,2,rent,little,,1980.0,9.0,furniture/equipment
25.0,female,1,own,little,moderate,1355.0,24.0,car
47.0,male,2,own,little,,1393.0,12.0,education
28.0,female,2,own,quite rich,,1376.0,24.0,radio/TV
21.0,male,2,own,little,,15653.0,60.0,radio/TV
34.0,female,2,own,little,,1493.0,12.0,radio/TV
26.0,male,2,own,little,little,4370.0,42.0,radio/TV
27.0,female,0,own,little,little,750.0,18.0,education
38.0,male,1,own,little,moderate,1308.0,15.0,repairs
40.0,male,3,own,moderate,,4623.0,15.0,education
33.0,male,2,own,little,,1851.0,24.0,radio/TV
32.0,male,3,own,little,little,1880.0,18.0,radio/TV
27.0,male,2,rent,,,7980.0,36.0,business
32.0,male,2,own,little,little,4583.0,30.0,furniture/equipment
26.0,female,2,own,quite rich,,1386.0,12.0,car
38.0,male,2,free,little,rich,947.0,24.0,car
40.0,male,1,rent,little,little,684.0,12.0,education
50.0,male,3,free,little,little,7476.0,48.0,education
37.0,male,1,own,little,moderate,1922.0,12.0,furniture/equipment
45.0,male,2,own,little,little,2303.0,24.0,car
42.0,male,3,own,moderate,moderate,8086.0,36.0,car
35.0,male,2,own,little,,2346.0,24.0,car
22.0,male,2,free,little,little,3973.0,14.0,car
41.0,male,1,own,little,moderate,888.0,12.0,car
37.0,male,2,own,,,10222.0,48.0,radio/TV
28.0,female,2,own,little,moderate,4221.0,30.0,business
41.0,male,2,own,little,moderate,6361.0,18.0,furniture/equipment
23.0,male,2,rent,little,rich,1297.0,12.0,radio/TV
23.0,male,2,own,,little,900.0,12.0,car
50.0,male,2,own,little,,2241.0,21.0,furniture/equipment
35.0,male,3,own,little,moderate,1050.0,6.0,furniture/equipment
50.0,female,1,own,little,rich,1047.0,6.0,education
27.0,male,3,own,little,,6314.0,24.0,vacation/others
34.0,male,2,own,rich,moderate,3496.0,30.0,furniture/equipment
27.0,female,2,own,little,,3609.0,48.0,business
43.0,male,2,rent,little,little,4843.0,12.0,car
47.0,male,2,own,little,rich,3017.0,30.0,radio/TV
27.0,male,1,own,moderate,,4139.0,24.0,business
31.0,male,2,own,moderate,,5742.0,36.0,business
42.0,male,3,own,little,,10366.0,60.0,car
24.0,male,2,own,quite rich,,2080.0,6.0,car
41.0,male,1,own,quite rich,,2580.0,21.0,business
26.0,female,3,rent,little,,4530.0,30.0,radio/TV
33.0,male,2,own,little,,5150.0,24.0,furniture/equipment
24.0,male,2,own,moderate,moderate,5595.0,72.0,radio/TV
64.0,male,1,rent,little,little,2384.0,24.0,radio/TV
26.0,female,2,own,little,,1453.0,18.0,radio/TV
56.0,female,2,own,little,,1538.0,6.0,education
37.0,male,2,free,,,2279.0,12.0,radio/TV
33.0,male,2,own,little,,1478.0,15.0,radio/TV
47.0,male,2,free,little,,5103.0,24.0,radio/TV
31.0,male,1,own,moderate,moderate,9857.0,36.0,business
34.0,male,2,free,,,6527.0,60.0,car
27.0,male,2,own,,rich,1347.0,10.0,radio/TV
30.0,male,2,free,moderate,moderate,2862.0,36.0,car
35.0,male,2,own,moderate,,2753.0,9.0,radio/TV
31.0,male,2,own,rich,little,3651.0,12.0,car
25.0,male,2,own,little,little,975.0,15.0,furniture/equipment
25.0,female,1,own,moderate,moderate,2631.0,15.0,repairs
29.0,male,2,own,moderate,moderate,2896.0,24.0,radio/TV
44.0,male,1,own,,little,4716.0,6.0,car
28.0,male,2,own,little,,2284.0,24.0,radio/TV
50.0,male,2,rent,quite rich,,1236.0,6.0,car
29.0,male,2,own,little,moderate,1103.0,12.0,radio/TV
38.0,female,0,own,little,,926.0,12.0,car
24.0,male,2,own,little,,1800.0,18.0,radio/TV
40.0,male,3,rent,little,rich,1905.0,15.0,education
29.0,female,1,rent,quite rich,,1123.0,12.0,furniture/equipment
46.0,male,2,free,little,little,6331.0,48.0,car
47.0,female,2,free,moderate,rich,1377.0,24.0,radio/TV
41.0,male,2,own,moderate,moderate,2503.0,30.0,business
32.0,female,2,own,little,moderate,2528.0,27.0,business
35.0,female,2,free,quite rich,,5324.0,15.0,car
24.0,male,2,own,moderate,moderate,6560.0,48.0,car
25.0,female,2,rent,little,moderate,2969.0,12.0,furniture/equipment
25.0,female,2,own,little,moderate,1206.0,9.0,radio/TV
37.0,male,1,own,little,moderate,2118.0,9.0,radio/TV
32.0,male,3,own,quite rich,,629.0,18.0,radio/TV
35.0,female,2,free,little,little,1198.0,6.0,education
46.0,male,3,own,,,2476.0,21.0,car
25.0,male,1,own,little,little,1138.0,9.0,radio/TV
27.0,male,3,own,little,moderate,14027.0,60.0,car
63.0,male,2,own,,,7596.0,30.0,car
40.0,male,2,own,,,3077.0,30.0,radio/TV
32.0,male,3,free,little,,1505.0,18.0,radio/TV
31.0,male,2,own,,rich,3148.0,24.0,radio/TV
31.0,male,2,own,moderate,moderate,6148.0,20.0,car
34.0,male,3,own,little,rich,1337.0,9.0,radio/TV
24.0,female,2,rent,rich,moderate,433.0,6.0,education
24.0,female,1,own,little,little,1228.0,12.0,car
66.0,female,1,own,quite rich,moderate,790.0,9.0,radio/TV
21.0,female,2,rent,little,,2570.0,27.0,car
41.0,female,1,own,rich,,250.0,6.0,car
47.0,male,1,own,quite rich,,1316.0,15.0,radio/TV
25.0,female,2,rent,little,little,1882.0,18.0,radio/TV
59.0,female,2,rent,little,moderate,6416.0,48.0,business
36.0,male,2,own,rich,rich,1275.0,24.0,business
33.0,male,2,own,little,moderate,6403.0,24.0,radio/TV
21.0,male,1,rent,little,little,1987.0,24.0,radio/TV
44.0,female,1,own,little,moderate,760.0,8.0,radio/TV
28.0,female,2,rent,rich,,2603.0,24.0,car
37.0,female,2,own,little,,3380.0,4.0,car
29.0,female,0,own,,moderate,3990.0,36.0,domestic appliances
23.0,female,3,rent,little,moderate,11560.0,24.0,car
35.0,male,1,own,moderate,little,4380.0,18.0,car
45.0,male,3,own,little,,6761.0,6.0,car
26.0,female,1,rent,moderate,moderate,4280.0,30.0,business
32.0,male,2,own,moderate,little,2325.0,24.0,car
23.0,male,1,own,little,moderate,1048.0,10.0,radio/TV
41.0,male,2,own,,,3160.0,21.0,radio/TV
22.0,male,2,own,quite rich,little,2483.0,24.0,furniture/equipment
30.0,male,3,own,,little,14179.0,39.0,furniture/equipment
28.0,male,1,own,little,little,1797.0,13.0,business
23.0,female,2,rent,little,little,2511.0,15.0,car
37.0,female,1,own,little,little,1274.0,12.0,car
26.0,male,2,own,,,5248.0,21.0,car
33.0,male,2,own,little,,3029.0,15.0,car
49.0,female,2,own,little,little,428.0,6.0,furniture/equipment
23.0,female,1,own,little,little,976.0,18.0,car
23.0,female,1,rent,moderate,moderate,841.0,12.0,business
25.0,female,2,own,little,,5771.0,30.0,radio/TV
55.0,male,2,free,rich,,1555.0,12.0,repairs
32.0,female,2,rent,,little,1285.0,24.0,car
74.0,male,0,own,little,rich,1299.0,6.0,car
39.0,male,2,free,,rich,1271.0,15.0,radio/TV
31.0,male,2,own,little,,1393.0,24.0,car
35.0,male,2,own,little,little,691.0,12.0,car
59.0,female,2,own,,,5045.0,15.0,car
24.0,female,2,rent,little,little,2124.0,18.0,furniture/equipment
24.0,male,1,own,little,little,2214.0,12.0,radio/TV
30.0,male,3,free,,,12680.0,21.0,car
27.0,male,2,own,moderate,,2463.0,24.0,car
40.0,male,1,own,little,moderate,1155.0,12.0,radio/TV
31.0,male,1,own,little,little,3108.0,30.0,furniture/equipment
31.0,female,2,rent,,,2901.0,10.0,car
28.0,male,2,rent,little,moderate,3617.0,12.0,furniture/equipment
63.0,male,1,own,little,,1655.0,12.0,radio/TV
26.0,female,2,rent,,little,2812.0,24.0,car
25.0,female,3,own,little,little,8065.0,36.0,education
36.0,male,3,own,little,,3275.0,21.0,car
52.0,male,2,own,moderate,,2223.0,24.0,radio/TV
66.0,male,0,free,quite rich,rich,1480.0,12.0,car
25.0,female,2,rent,,little,1371.0,24.0,car
37.0,male,2,own,little,,3535.0,36.0,car
25.0,female,2,own,little,little,3509.0,18.0,radio/TV
38.0,male,3,own,rich,,5711.0,36.0,car
67.0,female,2,own,little,moderate,3872.0,18.0,repairs
25.0,male,2,own,little,moderate,4933.0,39.0,radio/TV
60.0,male,2,own,rich,,1940.0,24.0,car
31.0,male,1,own,little,moderate,1410.0,12.0,education
23.0,female,1,own,moderate,moderate,836.0,12.0,car
60.0,male,3,own,,moderate,6468.0,20.0,car
35.0,male,1,own,rich,moderate,1941.0,18.0,business
40.0,male,2,own,quite rich,,2675.0,22.0,radio/TV
38.0,male,2,own,,,2751.0,48.0,car
50.0,male,2,free,little,moderate,6224.0,48.0,education
27.0,male,2,own,little,little,5998.0,40.0,education
39.0,female,2,own,little,moderate,1188.0,21.0,business
41.0,male,3,own,,,6313.0,24.0,car
27.0,male,2,own,,,1221.0,6.0,furniture/equipment
51.0,male,2,free,little,rich,2892.0,24.0,furniture/equipment
32.0,male,2,rent,quite rich,,3062.0,24.0,furniture/equipment
22.0,female,2,rent,moderate,,2301.0,9.0,furniture/equipment
51.0,male,2,free,,little,7511.0,18.0,car
22.0,female,1,rent,little,,1258.0,12.0,furniture/equipment
54.0,male,2,own,,,717.0,24.0,car
35.0,male,0,own,,moderate,1549.0,9.0,car
54.0,male,2,free,little,,1597.0,24.0,education
48.0,female,1,rent,little,moderate,1795.0,18.0,radio/TV
24.0,female,2,own,little,little,4272.0,20.0,furniture/equipment
35.0,male,2,own,,,976.0,12.0,radio/TV
24.0,female,0,rent,,moderate,7472.0,12.0,car
24.0,male,2,own,little,little,9271.0,36.0,car
26.0,male,1,own,little,moderate,590.0,6.0,radio/TV
65.0,male,2,own,,,930.0,12.0,radio/TV
55.0,male,3,free,little,moderate,9283.0,42.0,car
26.0,female,0,rent,little,moderate,1778.0,15.0,car
26.0,male,2,own,little,moderate,907.0,8.0,business
28.0,male,1,own,little,moderate,484.0,6.0,radio/TV
24.0,male,2,own,little,little,9629.0,36.0,car
54.0,male,2,own,little,little,3051.0,48.0,domestic appliances
46.0,male,2,free,little,little,3931.0,48.0,car
54.0,female,2,rent,little,moderate,7432.0,36.0,car
62.0,male,2,own,quite rich,,1338.0,6.0,domestic appliances
24.0,female,2,rent,little,,1554.0,6.0,radio/TV
43.0,male,3,own,little,little,15857.0,36.0,vacation/others
26.0,male,2,own,little,little,1345.0,18.0,radio/TV
27.0,male,2,own,little,,1101.0,12.0,car
24.0,male,2,own,little,rich,3016.0,12.0,radio/TV
41.0,male,2,own,little,little,2712.0,36.0,furniture/equipment
47.0,male,1,own,little,little,731.0,8.0,car
35.0,male,3,own,little,,3780.0,18.0,furniture/equipment
30.0,male,2,own,little,little,1602.0,21.0,car
33.0,female,2,rent,little,little,3966.0,18.0,car
36.0,male,2,own,little,,4165.0,18.0,business
47.0,male,2,free,,little,8335.0,36.0,car
38.0,male,2,free,,moderate,6681.0,48.0,business
44.0,male,2,own,quite rich,,2375.0,24.0,business
23.0,female,2,rent,little,little,1216.0,18.0,car
29.0,male,2,rent,little,little,11816.0,45.0,business
42.0,female,2,own,,moderate,5084.0,24.0,radio/TV
25.0,female,1,own,little,rich,2327.0,15.0,radio/TV
48.0,male,2,own,little,little,1082.0,12.0,car
21.0,female,2,own,,,886.0,12.0,radio/TV
23.0,female,1,rent,little,,601.0,4.0,furniture/equipment
63.0,male,2,own,little,little,2957.0,24.0,car
46.0,male,2,own,little,,2611.0,24.0,radio/TV
29.0,male,2,own,little,little,5179.0,36.0,furniture/equipment
28.0,male,1,own,little,,2993.0,21.0,car
23.0,female,2,own,little,,1943.0,18.0,repairs
50.0,male,2,own,little,,1559.0,24.0,business
47.0,male,2,own,little,,3422.0,18.0,furniture/equipment
35.0,male,2,own,,moderate,3976.0,21.0,furniture/equipment
68.0,male,2,rent,,,6761.0,18.0,car
28.0,male,2,own,little,,1249.0,24.0,car
59.0,male,2,own,little,little,1364.0,9.0,radio/TV
57.0,male,1,own,little,little,709.0,12.0,radio/TV
33.0,male,2,rent,little,little,2235.0,20.0,car
43.0,male,2,own,,,4042.0,24.0,car
35.0,male,2,free,little,,1471.0,15.0,radio/TV
32.0,male,1,free,little,little,1442.0,18.0,car
45.0,male,2,own,little,,10875.0,36.0,car
33.0,male,2,own,moderate,,1474.0,24.0,car
40.0,female,2,own,,,894.0,10.0,education
28.0,male,2,free,little,,3343.0,15.0,furniture/equipment
29.0,female,2,own,little,little,3959.0,15.0,car
26.0,male,2,rent,moderate,,3577.0,9.0,car
27.0,male,2,own,rich,,5804.0,24.0,car
28.0,male,2,own,little,,2169.0,18.0,business
35.0,female,2,own,little,little,2439.0,24.0,radio/TV
32.0,male,1,own,rich,,4526.0,27.0,furniture/equipment
25.0,male,1,rent,little,,2210.0,10.0,furniture/equipment
20.0,female,2,rent,quite rich,,2221.0,15.0,furniture/equipment
27.0,female,2,own,little,little,2389.0,18.0,radio/TV
42.0,male,2,own,little,,3331.0,12.0,furniture/equipment
37.0,male,2,own,,,7409.0,36.0,business
24.0,female,2,rent,little,little,652.0,12.0,furniture/equipment
40.0,female,2,own,quite rich,,7678.0,36.0,furniture/equipment
46.0,male,2,own,little,rich,1343.0,6.0,car
26.0,male,2,own,moderate,little,1382.0,24.0,business
24.0,female,2,own,,,874.0,15.0,domestic appliances
29.0,male,1,own,little,little,3590.0,12.0,furniture/equipment
40.0,female,2,own,rich,moderate,1322.0,11.0,car
36.0,male,3,free,little,little,1940.0,18.0,radio/TV
28.0,male,2,own,little,,3595.0,36.0,radio/TV
27.0,male,3,free,little,little,1422.0,9.0,car
36.0,male,2,own,,,6742.0,30.0,radio/TV
38.0,male,3,own,little,,7814.0,24.0,car
48.0,male,2,free,,,9277.0,24.0,car
36.0,male,2,own,,moderate,2181.0,30.0,car
65.0,female,0,own,little,,1098.0,18.0,radio/TV
43.0,male,2,own,little,moderate,4057.0,24.0,furniture/equipment
53.0,female,2,own,little,little,795.0,12.0,education
34.0,male,2,own,,moderate,2825.0,24.0,business
23.0,male,2,own,little,moderate,15672.0,48.0,business
34.0,male,3,own,little,,6614.0,36.0,car
40.0,male,2,rent,,,7824.0,28.0,car
43.0,male,3,own,little,little,2442.0,27.0,business
46.0,male,2,own,little,,1829.0,15.0,radio/TV
38.0,male,1,own,little,little,2171.0,12.0,car
34.0,male,2,own,little,moderate,5800.0,36.0,car
29.0,male,2,own,,,1169.0,18.0,radio/TV
31.0,male,3,own,,,8947.0,36.0,car
28.0,female,3,rent,little,little,2606.0,21.0,radio/TV
35.0,female,2,own,rich,,1592.0,12.0,furniture/equipment
33.0,female,1,rent,,,2186.0,15.0,furniture/equipment
42.0,male,2,own,little,little,4153.0,18.0,furniture/equipment
43.0,male,2,rent,little,little,2625.0,16.0,car
44.0,male,2,own,,,3485.0,20.0,car
42.0,male,2,free,,,10477.0,36.0,car
40.0,male,2,rent,,,1386.0,15.0,radio/TV
36.0,male,3,own,little,,1278.0,24.0,radio/TV
20.0,male,3,rent,little,little,1107.0,12.0,radio/TV
24.0,male,1,own,,little,3763.0,21.0,car
27.0,male,2,own,,moderate,3711.0,36.0,education
46.0,female,1,own,little,,3594.0,15.0,car
33.0,female,1,own,,moderate,3195.0,9.0,car
34.0,female,2,own,little,,4454.0,36.0,radio/TV
25.0,female,1,own,little,moderate,4736.0,24.0,furniture/equipment
25.0,female,2,own,,moderate,2991.0,30.0,radio/TV
28.0,male,2,own,rich,,2142.0,11.0,business
31.0,male,2,rent,little,little,3161.0,24.0,business
32.0,female,3,own,little,moderate,18424.0,48.0,vacation/others
32.0,male,2,own,moderate,,2848.0,10.0,car
68.0,male,3,own,little,little,14896.0,6.0,car
33.0,male,2,own,moderate,little,2359.0,24.0,furniture/equipment
39.0,male,3,rent,little,little,3345.0,24.0,furniture/equipment
28.0,female,2,own,little,,1817.0,18.0,furniture/equipment
37.0,male,3,own,quite rich,,12749.0,48.0,radio/TV
22.0,female,2,rent,little,little,1366.0,9.0,radio/TV
30.0,male,2,rent,little,moderate,2002.0,12.0,car
55.0,male,2,own,little,little,6872.0,24.0,furniture/equipment
46.0,male,2,own,little,little,697.0,12.0,car
21.0,female,2,rent,little,little,1049.0,18.0,furniture/equipment
39.0,male,2,free,little,little,10297.0,48.0,car
58.0,male,2,own,,,1867.0,30.0,radio/TV
43.0,male,1,own,little,little,1344.0,12.0,car
24.0,male,1,own,little,little,1747.0,24.0,furniture/equipment
22.0,female,2,own,little,moderate,1670.0,9.0,radio/TV
30.0,male,2,own,little,,1224.0,9.0,car
42.0,male,2,own,quite rich,,522.0,12.0,radio/TV
23.0,female,2,own,little,little,1498.0,12.0,radio/TV
30.0,male,3,own,moderate,moderate,1919.0,30.0,radio/TV
28.0,female,1,own,little,rich,745.0,9.0,radio/TV
30.0,male,3,rent,little,moderate,2063.0,6.0,radio/TV
42.0,male,2,free,little,moderate,6288.0,60.0,education
46.0,male,3,own,,,6842.0,24.0,car
45.0,male,3,own,,,3527.0,12.0,car
31.0,male,1,own,little,,1546.0,10.0,car
31.0,male,2,own,,,929.0,24.0,furniture/equipment
42.0,male,1,own,little,,1455.0,4.0,car
46.0,female,2,rent,little,little,1845.0,15.0,furniture/equipment
30.0,female,2,own,quite rich,moderate,8358.0,48.0,car
30.0,male,2,free,quite rich,little,3349.0,24.0,furniture/equipment
38.0,male,3,own,,,2859.0,12.0,car
43.0,male,1,own,little,,1533.0,18.0,furniture/equipment
31.0,male,2,own,moderate,,3621.0,24.0,radio/TV
40.0,male,0,own,little,moderate,3590.0,18.0,business
24.0,male,2,own,little,little,2145.0,36.0,business
28.0,female,2,rent,quite rich,moderate,4113.0,24.0,car
26.0,female,3,own,little,,10974.0,36.0,furniture/equipment
29.0,female,2,own,little,little,1893.0,12.0,car
57.0,female,3,rent,rich,little,1231.0,24.0,radio/TV
49.0,male,1,own,,rich,3656.0,30.0,radio/TV
37.0,male,1,own,little,moderate,1154.0,9.0,radio/TV
45.0,male,1,own,little,little,4006.0,28.0,car
30.0,male,2,free,moderate,moderate,3069.0,24.0,furniture/equipment
30.0,male,2,rent,little,,1740.0,6.0,radio/TV
47.0,male,2,own,little,moderate,2353.0,21.0,car
29.0,male,2,own,,,3556.0,15.0,car
35.0,male,2,own,quite rich,,2397.0,24.0,radio/TV
22.0,male,1,own,little,moderate,454.0,6.0,repairs
26.0,female,2,own,,moderate,1715.0,30.0,radio/TV
23.0,male,1,own,quite rich,moderate,2520.0,27.0,radio/TV
54.0,female,3,rent,little,,3568.0,15.0,radio/TV
29.0,male,2,rent,,,7166.0,42.0,radio/TV
40.0,male,1,own,little,little,3939.0,11.0,car
22.0,male,2,own,moderate,moderate,1514.0,15.0,repairs
43.0,male,1,own,little,,7393.0,24.0,car
29.0,female,0,rent,little,little,1193.0,24.0,car
36.0,male,2,rent,little,little,7297.0,60.0,business
33.0,female,2,own,little,,2831.0,30.0,radio/TV
57.0,female,1,own,quite rich,rich,1258.0,24.0,radio/TV
64.0,female,2,own,little,moderate,753.0,6.0,radio/TV
42.0,male,2,own,,moderate,2427.0,18.0,business
47.0,male,1,own,little,,2538.0,24.0,car
25.0,male,2,rent,moderate,moderate,1264.0,15.0,car
49.0,male,2,own,little,moderate,8386.0,30.0,furniture/equipment
33.0,male,3,rent,little,,4844.0,48.0,business
28.0,female,3,own,moderate,rich,2923.0,21.0,car
26.0,male,2,own,little,little,8229.0,36.0,car
30.0,male,1,own,little,,2028.0,24.0,furniture/equipment
25.0,female,2,rent,little,little,1433.0,15.0,furniture/equipment
33.0,male,2,own,little,rich,6289.0,42.0,business
64.0,female,2,own,moderate,,1409.0,13.0,radio/TV
29.0,male,3,free,little,little,6579.0,24.0,car
48.0,male,1,own,little,moderate,1743.0,24.0,radio/TV
37.0,male,1,own,,,3565.0,12.0,education
34.0,male,1,own,moderate,,1569.0,15.0,radio/TV
23.0,male,1,rent,,little,1936.0,18.0,radio/TV
30.0,male,3,own,little,little,3959.0,36.0,furniture/equipment
50.0,male,2,own,,,2390.0,12.0,car
31.0,female,1,own,little,,1736.0,12.0,furniture/equipment
40.0,male,3,own,little,little,3857.0,30.0,car
38.0,male,2,own,little,,804.0,12.0,radio/TV
23.0,male,2,free,little,little,1845.0,45.0,radio/TV
27.0,male,2,own,moderate,moderate,4576.0,45.0,car
