school,sex,age,address,famsize,Pstatus,Medu,Fedu,Mjob,Fjob,reason,guardian,traveltime,studytime,failures,schoolsup,famsup,paid,activities,nursery,higher,internet,romantic,famrel,freetime,goout,Dalc,Walc,health,absences,G1,G2,G3
GP,F,18,U,GT3,A,4,4,teacher,teacher,course,mother,1.49,2,0,yes,no,no,no,yes,yes,no,no,4,3,4,1,1,3,4,10.665,11,11
GP,F,17,U,GT3,T,1,1,at_home,other,course,father,1,2,0,no,yes,no,no,no,yes,yes,no,5,3,3,1,1,3,2,9,11,11
GP,F,15,U,GT3,T,1,1,at_home,other,other,mother,1,2,0,yes,no,no,no,yes,yes,yes,no,4,3,2,2,3,3,6,12,13,12
GP,F,15,U,GT3,T,4,2,health,other,home,mother,1,3,0,no,yes,no,yes,yes,yes,yes,yes,3,2,2,1,1,5,0,14,14,14
GP,F,16,U,GT3,T,3,3,other,other,home,father,1,2,0,no,yes,no,no,yes,yes,no,no,4,3,2.8166666666666664,1,2,5,0,11,13,13
GP,M,16,U,LE3,T,4,3,services,other,reputation,mother,1,2,0,no,yes,no,yes,yes,yes,yes,no,5,4,2,1,2,5,1.4875,12,12,13
GP,M,16,U,LE3,T,2,2,other,other,home,mother,1,2,0,no,no,no,no,yes,yes,yes,no,4,4,4,1,1,3,0,13,12,13
GP,F,17,U,GT3,A,4,4,other,teacher,course,mother,2,2,0,yes,yes,no,no,yes,yes,no,no,3.91,1,4,1,1,1,2,10,13,13
GP,M,15,U,LE3,T,3,2,services,other,home,mother,1,2,0,no,yes,no,no,yes,yes,yes,no,4,2,2,1.13,1,1,0,15,16,17
GP,M,15.971666666666668,U,GT3,T,2.385,2.016,other,other,home,mother,1,2,0,no,yes,no,yes,yes,yes,yes,no,5,5,1,1,1,5,0,12,12,13
GP,F,15,U,GT3,T,4,4,teacher,health,reputation,mother,1,2,0,no,yes,no,no,yes,yes,yes,no,4.0875,3,3,1,2,2,2.365,14,14,14
GP,F,15,U,GT3,T,2,1,services,other,course,father,3,3,0,no,yes,no,yes,yes,yes,yes,no,5,2,2,1,1,4,0,10,12,13
GP,M,15,U,LE3,T,4,4,health,services,course,father,1,1,0,no,yes,no,yes,yes,yes,yes,no,4,3,3,1,1.985,5,0,12,13,12
GP,M,15,U,GT3,T,4,3,teacher,other,course,mother,2,2,-3.9274139496114914e-16,no,yes,no,no,yes,yes,yes,no,5,4,3,1,2,3,0,11.906666666666665,12,13
GP,M,15,U,GT3,A,2,2,other,other,home,other,1,3,0,no,yes,no,no,yes,yes,yes,yes,4,5,2,1,1,3,0,14,14,15
GP,F,16,U,GT3,T,4,4,health,other,home,mother,1,1,0,no,yes,no,no,yes,yes,yes,no,3.955,2.7858333333333336,4,1,2,2,6,17,17,17
GP,F,16,U,GT3,T,4,4,services,services,reputation,mother,1,3,0,no,yes,no,yes,yes,yes,yes,no,3,2,3,1,2,2,2.7033333333333336,13,13,14
GP,F,16,U,GT3,T,3,3,other,other,reputation,mother,3,2,0,yes,yes,no,yes,yes,yes,no,no,5,3,2,1,1,4,2,13,14,14
GP,M,17,U,GT3,T,3,2,services,services,course,mother,1,1,3,no,yes,yes,yes,yes,yes,yes,no,5,5,5,2,4,5,2,8,8,7
GP,M,16,U,LE3,T,4,3,health,other,home,father,1,1,0,no,no,no,yes,yes,yes,yes,no,3.82,1,3,1,2.57,5,6,12,12,12
GP,M,15,U,GT3,T,4,3,teacher,other,reputation,mother,1,2,0,no,no,no,no,yes,yes,yes,no,4,4,1,1,1.7133333333333334,1,0,12,13,14
GP,M,15,U,GT3,T,4,4,health,health,other,father,1,1,0,no,yes,yes,no,yes,yes,yes,no,5,4,2,1,1,5,0,11,12,12
GP,M,16,U,LE3,T,4,2,teacher,other,course,mother,1,2,0,no,no,no,yes,yes,yes,yes,no,4,5,1,1,3,5,0,12,13,14
GP,M,16,U,LE3,T,2,2,other,other,reputation,mother,2,2,0.14999999999999994,no,yes,no,yes,yes,yes,yes,no,5,4,4,2,4,5,2,10,10,10
GP,F,15,R,GT3,T,2,2.905,services,health,course,mother,1,3,0,yes,yes,no,yes,yes,yes,yes,no,4,3,2,1,1,5,2,10,11,10
GP,F,16,U,GT3,T,2,2,services,other,home,mother,1,1,0,no,yes,no,no,no,yes,yes,no,1,2,2,1,3,5,6,10,11,12
GP,M,15,U,GT3,T,2,2,other,other,home,mother,1,1,0,no,yes,no,no,yes,yes,yes,no,4,2,2,1,2,5,2.503333333333333,11,12,12
GP,M,15,U,GT3,T,4,2,health,services,other,mother,1,1,0,no,no,no,no,yes,yes,yes,no,2,2,4,2,4,3.575,0,11,11,11
GP,M,16,U,LE3,A,3,4,services,other,home,mother,1,2,0,yes,yes,yes,yes,yes,yes,yes,no,5,3,3,1,1,5,2,12.150555555555556,12,13
GP,M,16,U,GT3,T,4,4,teacher,teacher,home,mother,1,2,0.1299999999999998,no,yes,yes,yes,yes,yes,yes,yes,4,4,5,5,5,5,4,12,11,12
GP,M,15,U,GT3,T,4,4,teacher,services,home,mother,1,2,0,no,yes,yes,no,no,yes,yes,no,5,4,2,3,4,5,0,10,10.7425,11
GP,M,15,U,GT3,T,4,4,services,services,reputation,mother,2,2,0,no,yes,no,yes,yes,yes,yes,no,4,3,1,1,1,5,2,15,15,15
GP,M,15,R,GT3,T,4,3,teacher,at_home,course,mother,1,2,0,no,yes,no,yes,yes,yes,yes,yes,4.31,5,2,1,1,5,0,13,14,13.772857142857141
GP,M,15,U,LE3,T,3,3,other,other,course,mother,1,2,0,no,no,no,yes,no,yes,yes,no,5,3,2,1,1,2,0,13,12,12
GP,M,16,U,GT3,T,3,2,other,other,home,mother,1,1,0,no,yes,no,no,no,yes,yes,no,5,4,3,1,1,5,4,12,12,12
MS,F,16.5075,U,GT3,T,2,3,other,other,other,father,2,1,0,no,yes,no,yes,yes,yes,no,no,3,5,1,1.26,1,5,4,11,11,11
GP,M,15,U,LE3,T,4,3,teacher,services,home,mother,1,3,0,no,yes,no,yes,yes,yes,yes,no,5,4,3,1,1,4,0,14,14,14
GP,M,16,R,GT3,A,4,4,other,teacher,reputation,mother,2,3,0,no,yes,no,yes,yes,yes,yes,yes,2,4,2.88,1,1,5,4,13,13,13
GP,F,15,R,GT3,T,3,4,services,health,course,mother,1,3,0,yes,yes,no,yes,yes,yes,yes,no,4,3,2,1,1,5,2,11,12,12
GP,F,15,R,GT3,T,2,2,at_home,other,reputation,mother,1,1,0,yes,yes,no,yes,yes,yes,no,no,4,3,1,1,1,2,8,14,13,12
GP,F,16,U,LE3,T,2,2,other,other,home,mother,2,2,0,no,yes,no,no,no,yes,yes,yes,3,3,3,1,2,3,16,11,11,10
GP,M,15,U,LE3,T,4,4,teacher,other,home,mother,1,1,0,no,yes,no,no,no,yes,yes,yes,5,4,3,2,4,5,8,10,11,11
GP,M,15,U,GT3,T,4,4,services,teacher,course,father,1,2,0,no,yes,no,yes,yes,yes,yes,no,4,3,3,1,1,5,0,14,15,15
GP,M,15,U,GT3,T,2,2,services,services,course,father,1,1,0,yes,yes,no,no,yes,yes,yes,no,5,4,1,1,1.935,1,0,9,10,10
GP,F,16,U,LE3,T,2,2,other,at_home,course,father,2,2,1,yes,no,no,yes,yes,yes,yes,no,4,3,3,2,2,5,14,10,11,11
GP,F,15,U,LE3,A,4,3,other,other,course,mother,1,2,0,yes,yes,yes,yes,yes,yes,yes,yes,5,2,2,1,1,5,4,10,11,11
GP,F,16,U,LE3,A,3,3,other,services,home,mother,1,2,0,no,yes,no,no,yes,yes,yes,no,2,3,5,1,4,3,6,13,12,13
GP,M,16,U,GT3,T,4,3,health,services,reputation,mother,1,4,0,no,no,no,yes,yes,yes,yes,no,4,2,2.96,1,1,2,2,17,17,16.593333333333334
GP,M,15,U,GT3,T,4,2,teacher,other,home,mother,1,2,0,no,yes,no,no,yes,yes,no,no,4,3,3,2,2.75375,5,4,11,12,13
GP,F,15,U,GT3,T,4,4,services,services,other,father,1,2,0,yes,yes,no,yes,no,yes,yes,no,4,4,4,1.5019999999999998,1,3,2,13,12,12
GP,F,16,U,LE3,T,2,2,services,services,course,mother,3,2,0,no,yes,no,no,yes,yes,yes,no,4,3,3,1.2,3,4,0,14,13,13
GP,F,15,U,LE3,T,4,2,health,other,other,mother,1,2,0,no,yes,no,no,yes,yes,yes,no,4,3,3,1.12,1,5,0,16,14,14.737976190476191
GP,M,15,U,LE3,A,2.66,2,health,health,course,father,2,1,0,no,no,no,no,yes,yes,yes,no,5,5,5,3,4,5,4,10,9.55,9
GP,F,15,U,GT3,T,4,4,services,services,course,mother,1,1,0,yes,yes,no,no,yes,yes,yes,no,3.7242857142857146,3,4,2,3,3.684166666666666,0,13,12,12
GP,F,16.481666666666666,U,LE3,A,3,3,other,other,other,mother,1,1,0,no,no,no,no,yes,yes,yes,no,5,3,4,4,4,1,0,13,12,13
GP,F,16,U,GT3,A,2,1,other,other,other,mother,1,2,0,no,no,no,yes,yes,yes,yes,yes,5,3,4,1,1,2,2,12,13,12
GP,F,15,U,GT3,A,4,3,services,services,reputation,mother,1,2,0,no,yes,no,yes,yes,yes,yes,no,4,3,2,1,1,1,0,15,14,15
GP,M,15,U,GT3,T,3.61,4,teacher,health,reputation,mother,1,2,0,no,yes,no,yes,yes,yes,no,no,3,2,2,1,1,5,8,15,15,16
GP,M,15,U,LE3,T,1,2,other,at_home,home,father,1,2,0,yes,yes,no,yes,yes,yes,yes,no,4.265,3,2,1,1,5,0,14,13,14
GP,F,16,U,GT3,T,4,2,services,other,course,mother,1,2,0,no,yes,yes,no,yes,yes,yes,no,4,2,3,1,1,5,2,16,15,16
GP,F,16,R,GT3,T,4,4,health,teacher,other,mother,1,2,0,no,yes,no,no,yes,yes,no,no,2,4,4,2,3,3.09,0,17,16,15.537166666666668
GP,F,16,U,GT3,T,1,1,services,services,course,father,4,1,0,yes,yes,no,yes,no,yes,yes,yes,5,5,5,5,5,5,0,11.414000000000001,10,16
GP,F,16,U,LE3,T,1,2,other,services,reputation,father,1,2,0,yes,no,no,yes,yes,yes,yes,no,4,4,3,1,1,1,0,13,13,10
GP,F,16,U,GT3,T,4,3,teacher,health,home,mother,1.1266666666666665,1.92,0,yes,yes,no,yes,yes,yes,yes,no,3,4,4,2,4,4,0,14,13,12.911218390804597
GP,F,15,U,LE3,T,4,3,services,services,reputation,father,1,2,0,no,no,no,yes,yes,yes,yes,yes,4,4,4,2,4,2,0,13,12.304166666666667,12
GP,F,16,U,LE3,T,3.56,3,teacher,services,course,mother,3,2,0,no,yes,no,yes,yes,yes,yes,no,5,4,3,1,2,1,2,16,15,16
GP,M,16.445,U,GT3,A,4,4,other,services,reputation,mother,1,4,0,no,yes,no,yes,no,yes,yes,yes,1,3,3,5,5,3,0,11,12,12
GP,F,16,U,GT3,T,3,1,services,other,course,mother,1,4,0,yes,yes,no,no,yes,yes,yes,no,4,3,3,1,2,5,0,10,9,10
GP,F,15,R,LE3,T,2,2,health,services,reputation,mother,2,2,0,no,yes,no,no,yes,yes,yes,no,4,1,3,1,3,4,0,10.97,10.924000000000001,11
GP,F,15,R,LE3,T,3,1,other,other,reputation,father,2,4,0,no,yes,no,no,no,yes,yes,no,4,4,2,2,3,3,6,15,15,15
GP,M,16,U,GT3,T,3,1,other,other,reputation,father,2,4,0,no,yes,no,no,yes,yes,yes,no,4.091666666666667,3,2,1,1,5,2,13,11,11
GP,M,15,U,GT3,T,4,2,other,other,course,mother,1,4,0,no,no,no,no,yes,yes,yes,no,4.045833333333333,3,3,1,1,3,0,11,9,10
GP,F,15,R,GT3,T,1,1,other,other,reputation,mother,1,2,0.10999999999999988,yes,yes,no,no,no,yes,yes,yes,3,3,4,2,4,5,2,13,11,11
GP,M,16,U,GT3,T,3,2.615,other,other,reputation,mother,1,1,0,no,no,no,yes,yes,yes,no,no,5,3,2,2,2,5,0,13,13,14
GP,F,16,U,GT3,T,3,3,other,services,home,mother,1,2,0,yes,yes,no,yes,yes,yes,yes,no,4,3,3,1.45,4,5,4,10.508333333333333,11,11
GP,M,15,U,GT3,T,4,3,teacher,other,home,mother,1,2,0,no,yes,no,yes,yes,yes,yes,no,4,3,3,2,3,4.01,0,11,11,11
GP,M,15,U,GT3,T,4,0,teacher,other,reputation,mother,2,4,0,no,no,no,yes,yes,yes,yes,no,3,4,3,1,1,1,3.986666666666667,12,11,11
GP,F,16,U,GT3,T,2,2,other,other,reputation,mother,1,4,0,no,no,no,no,yes,yes,yes,yes,5,2,3,1,3,3,1,13,13,13
MS,M,17,U,GT3,T,2,1,other,other,home,mother,2,1,3,yes,yes,no,yes,yes,no,yes,no,4,5,1,1,1,3,0,9,9,10
GP,F,16,U,GT3,T,3,4,at_home,other,course,mother,1,2,0,no,yes,no,no,yes,yes,yes,no,2,4,3,1,2,3,14,12,11,11
GP,M,15,U,GT3,T,2,3,other,services,course,father,1,1,0,yes,yes,no,yes,no,yes,yes,yes,3,2,2,1,3,3,0,11,11,12
GP,M,15,U,GT3,T,2,3,other,other,home,mother,1,3,0,yes,no,no,no,no,yes,yes,no,5,3,2.9521428571428574,1,2.025,5,2,10,9,9
GP,F,15,U,LE3,T,3,2,services,other,home,mother,1,2,0.019999999999999737,no,yes,no,no,yes,yes,yes,no,4,4,4,1,1,5,4,12,11,11
GP,M,15,U,LE3,T,2,2,services,services,home,mother,2,2,0,no,no,yes,yes,yes,yes,yes,no,5,3,3,1,3,4,2,13,12,13
GP,F,15,U,GT3,T,1,1,other,other,course,father,1,2,0,no,yes,no,yes,no,yes,yes,no,4,3,2,2,3,3.7757142857142854,2,13,12,12
GP,F,15,U,GT3,T,4,4,teacher,services,reputation,father,2,2,0,no,no,no,no,yes,yes,yes,yes,4,4,4,2,3,5,4,12,11,12
GP,F,16,U,LE3,T,2,2,at_home,other,course,mother,1,2,0,no,yes,no,no,yes,yes,yes,no,4,3,4,1,2,2,6,13,11.561666666666666,11
GP,F,15,U,GT3,T,4,2,other,other,reputation,mother,1,3,0,no,yes,no,yes,yes,yes,yes,no,5,3,3,1,3,1,1.8239999999999998,15,15,15.452857142857143
GP,M,16,U,GT3,T,2,2,services,other,reputation,father,2,2,0,no,no,no,yes,no,yes,yes,no,4,4,2,1,1,3,6,12,10,11
GP,M,16,U,LE3,A,4,4,teacher,health,reputation,mother,1,2,0,no,yes,no,no,yes,yes,yes,no,4,1,3,3,5,5,6,9,9.82,10
GP,F,16,U,GT3,T,3,3,other,other,home,mother,1,3,0,no,yes,no,no,yes,yes,yes,yes,4,3,3,1,3,4,2,9,11,10.88
GP,F,15,U,GT3,T,4,3,services,other,reputation,mother,1,1,0,no,no,no,yes,yes,yes,yes,no,4,3.385,5,1,3,1,6,14,13,13
GP,F,16,U,LE3,T,3,1,other,other,home,mother,1,2,0,yes,yes,no,no,yes,yes,no,no,3,3,3,2,3,2,0,12,13,12
GP,F,16.119166666666665,U,GT3,T,4,2,teacher,services,home,mother,2,2,0,no,yes,no,yes,yes,yes,yes,no,5,3,3,1,1,1,1.6966666666666668,13,14,14
GP,M,15,U,LE3,T,2,2,services,health,reputation,mother,1,4,0,no,yes,no,yes,yes,yes,yes,no,4,3.603333333333333,4,1,2.185,4,2,11,12,12
GP,F,15,R,GT3,T,1,1,at_home,other,home,mother,2,2.045,0,yes,yes,yes,yes,yes,yes,yes,no,3,1,2,1,1,1,4,13,13,13
GP,M,16.026666666666664,R,GT3,T,4,3,services,other,reputation,mother,2,1,0,yes,yes,no,yes,no,yes,yes,no,3,3,3,1,1,4,6,9,11,11
GP,F,16,U,GT3,T,2,1,other,other,course,mother,1,2,0,no,yes,no,no,yes,yes,no,yes,4,3,5,1,1.8592857142857142,5,0,13,12,12
GP,F,16,U,GT3,T,4,4,other,other,reputation,mother,1,1,0,no,no,no,yes,no,yes,yes,no,5,3,4,1,2,1,4,12,13,13
GP,F,16,U,GT3,T,4,3,other,at_home,course,mother,1,3,0,yes,yes,no,no,yes,yes,yes,no,5,3,5,1,1,3,2,12,13,13
GP,M,16.85,U,GT3,T,4,2.63,services,services,other,mother,1,1,0,yes,yes,no,yes,yes,yes,yes,no,4,5,5,5,5,4,12,9.3533333333333335,9,8
GP,M,16,U,GT3,T,4,4,services,teacher,other,father,1,3,0,no,yes,no,yes,yes,yes,yes,yes,4,4,3,1,1,4,0,16,16,16
GP,M,15,U,GT3,T,4,4,services,other,course,mother,1,1,0,no,yes,yes,yes,no,yes,yes,no,5,3,3,1,1,5,2,12,13,12
GP,F,15,U,GT3,T,3,2,services,other,home,mother,2,2,0,yes,yes,no,no,yes,yes,yes,no,4,3,5,1,1,2,16,11,10,10
GP,M,15,U,GT3,A,3,4,services,other,course,mother,1,2,0,no,yes,no,yes,yes,yes,yes,no,5,3.3033333333333332,4,1,1,1,0,16,16,16
GP,F,15,U,GT3,A,3,3,other,health,reputation,father,1,4,0,yes,no,no,no,yes,yes,no,no,4,3,2.71,1,1,4,10,10,10,10
GP,F,15,U,GT3,T,2,2,other,other,home,mother,1,4,0,yes,yes,no,no,yes,yes,yes,no,5,1,2.835833333333333,1,1,3,4,10,10,10
GP,M,16,U,GT3,T,3,3,services,other,home,father,1,3,0,no,yes,no,yes,yes,yes,yes,no,5,3,3,1,1,5,4,13,14,14
GP,M,15,R,GT3,T,4,4,other,other,home,father,4,4,0,no,yes,no,yes,yes,yes,yes,yes,1,3,5,3,5,1,8,12,10,11
GP,F,16,U,LE3,T,4,4,health,health,other,mother,1,3,0,no,yes,no,yes,yes,yes,yes,yes,5,4,5,1,1,4,2,15,15,14
GP,M,15,U,LE3,A,4,4,teacher,teacher,course,mother,1,1,0,no,no,no,yes,yes,yes,yes,no,5,5,3,1,1,4,4,13,14,14
GP,F,16,R,GT3,T,3,3,services,other,reputation,father,1,3,0,yes,yes,no,yes,yes,yes,yes,no,4,1,2,1,1,2,4,11,11,11
GP,F,16,U,GT3,T,2,2,at_home,other,home,mother,1,2,1,yes,no,no,yes,yes,yes,yes,no,3,1,2,1,1,5,12,8,10,10
GP,M,15,U,LE3,T,4,2,teacher,other,course,mother,1,1,0,no,no,no,no,yes,yes,yes,no,3,5,2,1,1,3,10,18,17,18
GP,M,15,R,GT3,T,2,2.21,health,services,reputation,mother,1,2,0,no,no,no,yes,yes,yes,yes,yes,5,4,2,1,1,5,4,10,9,10
GP,M,16,U,GT3,T,4,4,teacher,teacher,course,father,1,2,0,no,yes,no,yes,yes,yes,yes,no,5,3.6558333333333337,4,1,2,5,6,16,14,14
GP,M,16.315,U,GT3,T,4,4,other,teacher,reputation,father,2,2,0,no,yes,no,yes,yes,yes,no,no,4,4,3,1,1,2,4,16,15,16
GP,M,16,U,GT3,T,3,3,other,services,reputation,father,2,1,0,no,no,no,yes,yes,yes,yes,no,5,4,2,1,1,5,6,14,14,15
GP,M,17,R,GT3,T,1,3,other,other,course,father,3,2,1,no,yes,no,yes,yes,yes,yes,no,5,3.5941666666666663,4,1,4,5,14,12,11,11
GP,M,15,U,GT3,T,3.200833333333333,4,other,other,reputation,father,1,1,0,no,no,no,no,yes,yes,yes,no,3,4,3,1,2,4,2,14,13,14
GP,F,15,U,GT3,T,1,2,at_home,services,course,mother,1,2,0,no,no,no,no,no,yes,yes,no,3,2,3,1.3275,2,1,0,13.585,14,14
GP,M,15,U,GT3,T,2,2,services,services,home,mother,1,4,0,no,yes,no,yes,yes,yes,yes,no,5,5,4,1,2,5,6,14,13,13.628333333333336
GP,F,16,U,LE3,T,2,4,other,health,course,father,2,2,0,no,yes,no,yes,yes,yes,yes,yes,4,2,2,1,2,5,2,14,12,13
GP,M,16,U,GT3,T,4,4,teacher,other,course,mother,1,1,0,no,yes,no,yes,yes,yes,yes,no,3,4,4,1,4,5,4.263333333333333,12,13,13
GP,F,16,U,GT3,T,2.224,2,other,other,home,mother,1,2,0,no,no,no,no,yes,yes,yes,yes,5,4,4,1,1,5,0,12,11,11
GP,M,15,U,GT3,T,3,4,services,services,course,father,1,1,0,yes,no,no,no,yes,yes,yes,no,5,3.793333333333333,5,3,2,5,2,9,9.49,9
GP,F,15,U,LE3,A,3,4,other,other,home,mother,1,2.216666666666667,0,yes,no,no,yes,yes,yes,yes,yes,5,3,2,1,1,1,0,10,11,11
GP,F,19,U,GT3,T,0,1,at_home,other,course,other,1,2,2,no,yes,no,no,no,no,no,no,3,4,2,1,1,5,0,9,9.59,11
GP,M,16,R,GT3,T,4,4,teacher,teacher,course,mother,1,1,0,no,no,no,yes,yes,yes,yes,no,3,5,5,2,5,4,8,14,14,15
GP,M,16,U,GT3,T,2,3,other,other,course,mother,2,3,0,no,yes,no,yes,no,yes,yes,yes,3,2,3,2,2.5171428571428573,1,4,13,12,13
GP,F,15,R,GT3,T,3,3.2,services,teacher,course,father,2,3,0,no,yes,no,no,yes,yes,yes,yes,4,2,2,2,2,3.71,0,10,11,12
GP,F,18,U,GT3,T,2,1,services,other,reputation,mother,1,2,3,no,yes,no,yes,yes,no,yes,yes,5,4,5,1.89,3,5,10,10,9,8
GP,F,17,U,LE3,A,2,1,other,other,course,mother,3,1,0,no,yes,no,no,yes,yes,yes,no,3,2,2,1,2,5,8,11,10,11
GP,F,15,U,GT3,T,1,1,at_home,other,course,mother,3,1,0,no,yes,no,yes,no,yes,yes,yes,4,3,3,1,2,4,6,11,12,13
GP,F,17,U,LE3,T,2,2,other,other,home,father,1,1,0,no,yes,no,no,yes,yes,yes,yes,3,4,4,1,3,5,2,13,12,12
GP,F,16,U,GT3,A,3,4,services,other,course,father,1,1,0,no,no,no,no,yes,yes,yes,no,3,2,1,1,4,5,12,15,13,14
GP,M,16,U,GT3,T,1.6683333333333332,1,at_home,other,course,mother,4,1,0,no,no,no,no,yes,yes,no,no,3,2,1,1,1,2,4,9,9,11
GP,F,16,U,LE3,A,2,1.8866666666666665,other,other,home,mother,1,1,0.039999999999999813,no,no,no,no,yes,yes,no,no,5,3.18,4,1,1,5,12,13,11,11
GP,M,15,R,GT3,T,3,4,at_home,teacher,course,mother,4,2,0,no,yes,no,no,yes,yes,no,yes,4.161666666666667,3,3,1,1,5,2,12,11,11
GP,F,15,U,GT3,T,4,4,services,teacher,course,mother,1,3,0,no,yes,no,yes,yes,yes,yes,yes,4,3,3,1,1,5,2.092857142857143,13,14,15
GP,M,17,R,GT3,T,3,4,at_home,other,course,mother,3,2,0,no,no,no,yes,yes,yes,no,no,5,3.89,5,2,4,5,2,10,9,10
GP,F,16,R,GT3,T,1,1,at_home,other,course,mother,4,2.2533333333333334,0,no,yes,no,no,yes,yes,no,no,5,1,3,1,1,3.137,0,14,13,13
GP,M,18,U,LE3,T,3,1,services,services,course,mother,2,1,0,no,no,no,yes,yes,yes,yes,yes,3,3,4,4,5,4,2,11,11,12
GP,F,18,U,GT3,A,3,2,other,services,course,other,1,2.063333333333333,0,no,yes,no,yes,yes,yes,yes,yes,4,3,3,5,1,5,10,12,11,11
GP,F,16,R,GT3,T,1,1,at_home,services,reputation,mother,2,1,0,no,yes,no,yes,yes,yes,no,yes,3,3,3,1,2,1,8,12,11,11
GP,F,16,U,GT3,A,3,3,other,other,course,other,2,1,0,no,yes,no,yes,no,yes,yes,yes,4,3,2,1,1,5,4,9,9,10
GP,M,16,U,LE3,T,1,1,services,other,course,mother,1,2,2,no,no,no,no,yes,yes,no,yes,4,4,4,1,3,5,0,10,10,10
GP,F,15,U,GT3,T,4,3.765,teacher,teacher,course,mother,2,1,0,no,no,no,yes,yes,yes,yes,no,4,3,2,1,1,5,6,13,14,14
GP,F,15,R,GT3,T,1,1,other,other,course,mother,3,1.625,1,no,no,no,yes,yes,yes,yes,yes,5,5,5,1,1,1,2,8,9,9
GP,M,15,U,GT3,T,4,3,teacher,services,course,father,2,4,0,no,yes,no,no,yes,yes,yes,no,2,2,2,1,2.08,3,6,9,11,11
GP,F,15,U,GT3,A,3,3,services,services,home,mother,1,2,0,no,no,no,no,no,yes,no,yes,1,3,2,2,3,1,24,9,8,9
GP,M,16,U,GT3,T,4,4,services,services,course,mother,1,2.1166666666666667,0,no,yes,no,yes,yes,yes,yes,no,5,3,3,1,3,5,0,15,13,13
GP,M,16,U,LE3,T,2,2,services,services,reputation,father,2,1,0,no,no,no,yes,yes,yes,yes,no,2,3,3,2,2,2,4,12,11,11
GP,F,15,U,GT3,T,4,4,teacher,services,course,mother,1,3,0,no,yes,no,yes,yes,yes,yes,no,4,2,2,1,1,5,2,13,13,13
GP,F,16,U,LE3,T,1,1,at_home,at_home,course,mother,1,1,0,no,no,no,no,yes,yes,yes,no,3,4,4,3,3,1,4,10,11,11
GP,M,17,U,GT3,T,2,1,other,other,course,mother,1,1,0,no,no,no,no,yes,yes,yes,no,5,4,5,1,2,5,22,9,7,6
GP,F,15,U,GT3,T,1,1,other,services,course,father,1,2,0,no,yes,no,no,yes,yes,yes,no,4,4,2,1,2,5,0,12,12,12
GP,F,15,U,LE3,A,2,1,at_home,other,home,mother,2,1,0,no,yes,no,yes,yes,no,yes,yes,4,4,2,1,1,5,0,11,10,10
GP,F,15,U,GT3,T,3,2,health,services,home,father,1,2,1,no,yes,no,no,yes,yes,yes,no,3.833333333333334,3,2,1,1.8571428571428572,3.91,2,11,11,11
GP,F,15,U,GT3,T,1,2,at_home,other,course,mother,1,2,0,no,yes,no,no,no,yes,yes,no,4,2.8875,2,1,1,5,6,13,12,13
GP,F,15,U,GT3,T,1,2,at_home,services,course,father,1,2,0,no,no,no,no,no,yes,no,yes,3.65,3.1660000000000004,4,2,4,1,3.97,11,11,11
GP,M,16,U,GT3,T,4,4,teacher,teacher,course,mother,1,1,0,no,yes,no,no,yes,no,yes,no,3,3,2,2,1,3.8324999999999996,16,9,9,10.176666666666666
GP,M,15,U,LE3,T,2.1191666666666666,1,services,other,course,mother,4,1,0,no,no,no,no,yes,yes,yes,no,3.81,5,5,2,5,5,0,12,10.856,11
GP,M,18,U,LE3,T,1,1,other,other,course,mother,1,1,2,no,no,no,yes,yes,no,yes,yes,2,3,5,2,5,4,0,11,9,0
GP,M,16,U,LE3,T,1.383333333333333,1,at_home,other,course,mother,1,1,1,no,no,no,yes,yes,yes,no,yes,4,4,4,3,5,5,6,9,10,10
GP,F,15,R,GT3,T,3,3,services,services,reputation,other,2,3,0,no,yes,yes,yes,yes,yes,yes,yes,4,2,1,2,3,3,2,13,13,13
GP,M,19,U,GT3,T,3,2,services,at_home,home,mother,1,1,0,no,yes,no,no,yes,no,yes,no,4,5,4,1,1,3.7021428571428574,6,11,9,11
GP,F,17,U,GT3,T,4,4,other,teacher,course,mother,1,1,0,yes,yes,no,no,yes,yes,no,yes,4,2,1,1,1,4,0,13,13,13
GP,M,15,R,GT3,T,2,3,at_home,services,course,mother,1,2,1.1316666666666668,yes,no,yes,yes,yes,yes,no,no,4,4,4,1,1,1,0,7,8,8
GP,M,17,R,LE3,T,1,2,other,other,reputation,mother,1,1,3,no,no,no,no,yes,yes,no,no,2,2,2,3,3,5,14,9,8,10
GP,F,18,R,GT3,T,1,1,at_home,other,course,mother,3,1,3,no,yes,no,yes,no,yes,no,no,5,2,5,2.31,5,4,6,11,10,11
GP,M,16,R,GT3,T,2,2,at_home,other,course,mother,3,1,0,no,no,no,no,no,yes,no,no,4,2,2,1.2733333333333332,2,3,4,12,10,11
GP,M,16,U,GT3,T,3,3,other,services,course,father,1,2,1,no,yes,no,no,yes,yes,yes,yes,4,5,5,4,4,5,0,9.014166666666668,10,1
GP,M,16,U,LE3,T,1,2,health,services,course,mother,2,1,2,no,no,no,no,no,yes,yes,no,3.63,3.655,5,3,5,5,0,9,8,10
GP,M,17,R,LE3,T,2,1,at_home,other,course,mother,2,1,1,no,no,yes,yes,yes,no,yes,yes,3,3,2,2,2,5,8,8,8,9
GP,M,17,R,GT3,T,3,2,other,other,course,mother,2,2,2,yes,yes,no,no,yes,yes,yes,yes,4,4,4,1,4,3,4,7,6,8
GP,M,15,U,LE3,T,1,2,other,other,course,mother,2,1,0,no,no,no,no,yes,yes,no,no,4,4,4,2,4,5,2,8,9,10
GP,M,16,U,GT3,T,1,3,at_home,services,course,father,1,1,1,no,no,no,no,yes,no,yes,no,5,3,3,1,4,2,2,9,8,8
GP,M,17,R,LE3,T,1,1,other,services,course,mother,4,2,0,no,no,no,yes,yes,no,no,yes,5,3,5,1,5,5,0,8,8,8
GP,M,17,U,GT3,T,3,2,services,services,course,mother,2,1,0.95,no,yes,no,yes,no,no,no,no,4,5,2,1,1,2,10,8,7,8.36
GP,M,16,U,GT3,T,2,2,other,other,course,father,1,2,0,no,no,no,no,yes,no,yes,no,4,3,5,2,4,4,0,9,10,11
GP,F,16,U,GT3,T,4,2,health,services,home,father,1,2,0,no,no,no,no,yes,yes,yes,yes,4,2,3,1,1.8397777777777775,3,0,17,17,18
GP,F,16,U,GT3,T,2,1.9800000000000002,other,other,home,mother,1,2,0,no,yes,no,no,no,yes,yes,no,5,1,5,1,1,4,0,12,12.398333333333333,13
GP,F,16,U,GT3,T,4,4,health,teacher,reputation,mother,1,2,0,no,yes,no,no,yes,yes,yes,yes,4,4,2,1,1,3,0,16,16,17
GP,M,16,U,GT3,T,3,4,services,other,course,father,3,1.525,1,no,yes,no,yes,no,yes,yes,no,3,4,5,2,4,2,4,9,9,10
GP,M,16,U,GT3,T,1,0,other,other,reputation,mother,2,2,0,no,yes,no,yes,yes,yes,yes,yes,4.135,3,2,1,1,3,0,16,17,18
GP,M,17,U,LE3,T,4,4,teacher,other,reputation,mother,1,2,0,no,yes,no,yes,yes,yes,yes,no,4,4,4,1,3,5,0,11,9,10
GP,F,16.70909090909091,U,GT3,T,1,3,at_home,services,home,mother,1,2,0,no,no,no,yes,no,yes,yes,yes,4,3,5,1,1,3,0,14,13,13
GP,F,16,U,LE3,T,3,3,other,other,reputation,mother,2,2,0,no,yes,no,yes,yes,yes,yes,no,4,4,5,1,1,4,0,14,14,15
GP,M,17,U,LE3,T,4,3,teacher,other,course,mother,2,2,0,no,no,no,yes,yes,yes,yes,no,4,4,4,4,4,4,0,10,11,11
GP,F,16,U,GT3,T,2,2,services,other,reputation,mother,2,2,0,no,yes,no,yes,no,yes,yes,no,4.195,4,4,1,4,5,0,13,12,14
GP,M,17,U,GT3,T,3,3,other,other,reputation,father,1,2,0,no,no,no,yes,no,yes,yes,no,4,3,4,1,4,4,4,11,9,10
GP,M,16,R,GT3,T,4,2,teacher,services,other,mother,1,1,0,no,yes,no,yes,yes,yes,yes,yes,4,3,3,3,4,3,8,10,9,11
GP,M,17,U,GT3,T,4,3,other,other,course,mother,1,2,0,no,yes,yes,yes,yes,yes,yes,yes,5,2,3,1,1,2,4,11.2175,11,13
GP,M,16,U,GT3,T,4,3,teacher,other,home,mother,1,2,0,no,yes,yes,yes,yes,yes,yes,no,3,4,3,2,3,3,4,11,10,11
GP,M,16,U,GT3,T,3,3,services,other,home,mother,1,2,0,no,no,no,yes,yes,yes,yes,yes,4,2,3,1,2,3,0,11,12,13
GP,F,17,U,GT3,T,2,4,services,services,reputation,father,1,2,0,no,yes,no,yes,yes,yes,no,no,5,4,2,2,3,3.37,0,17,18,17
GP,F,17,U,LE3,T,3,3,other,other,reputation,mother,1,2,-4.4103609653234345e-16,no,yes,no,yes,yes,yes,yes,yes,5,3,3,2,2.74,1,2.683333333333333,14,13,13.91
GP,F,16,U,GT3,T,3,2,other,other,reputation,mother,1,2,0,no,yes,no,no,yes,yes,yes,no,3.85,2,2,1,2,1,8,14,15,16
GP,M,16.815,U,GT3,T,3,3,services,services,other,mother,1,2,0,no,yes,no,yes,yes,yes,yes,yes,4.03,3,4,1.48,3,4,6,11,13,14
GP,M,16,U,GT3,T,1,2,services,services,other,mother,1,1,0,no,yes,no,yes,yes,yes,yes,yes,3,3,3,1,2,3,0,10,9,11
GP,M,16,U,GT3,T,2,1,other,other,course,mother,1,2,0,no,no,no,yes,yes,yes,yes,no,4,2,3,1,1.6619047619047618,5,0,13,14,16
GP,F,17,U,GT3,A,3,3,health,other,reputation,mother,1,2,0,no,yes,no,no,no,yes,yes,yes,3,3,3,1,3,3,10,12,13,14
GP,M,17,U,GT3,T,1,2,at_home,other,home,mother,1,2,0,no,no,no,no,yes,yes,no,no,3,1,3,1,5,3,6,9,9,10
GP,F,16,U,GT3,T,2,3,services,services,course,mother,1,2,0,no,yes,no,no,yes,yes,yes,no,4,2.895,3,1,1,2,6,12,12,13
GP,F,17,U,GT3,T,1,1,at_home,services,course,mother,1,2,0,no,no,no,yes,yes,yes,yes,no,5,3,3,1,1,3,0,12,11,12
GP,M,17,U,GT3,T,1,2,other,services,other,other,2,2,0,no,no,no,yes,no,yes,yes,no,4,4,3.98,4,5,5,16,10,11,12
GP,M,16.336666666666666,R,GT3,T,3,3,services,services,reputation,mother,1.42,1,0,no,yes,no,yes,yes,yes,yes,no,4,3,2,3,4,5,0,11,10.66,10
GP,M,16,U,GT3,T,2,3,other,other,home,father,2,1,0,no,no,no,no,yes,yes,yes,no,5,3,3,1,1,3,0,11.3,12,12
GP,F,17,U,LE3,T,2,4,services,services,course,father,1,2,0,no,no,no,yes,yes,yes,yes,yes,4,3,2,1,1,5,8,14,15,16
GP,M,15.973333333333333,U,GT3,T,4,4,services,teacher,home,mother,1,1,0,no,no,no,no,yes,yes,yes,no,5,2,3,1,2,5,4,12.916666666666664,13,14
GP,M,16,R,LE3,T,3,3,teacher,other,home,father,3,1,0,no,yes,no,yes,yes,yes,yes,no,3,3,4,3,5,3,16,10,11,12
GP,F,17,U,GT3,T,4,4,services,teacher,home,mother,2,1,1,no,yes,no,no,yes,yes,yes,no,4,2,4,2,3,2,30,14,15,16
GP,F,16,U,LE3,T,4,4,teacher,teacher,reputation,mother,1,2,0,no,yes,no,no,yes,yes,yes,no,4,5,2,1,2,3,0,11,10,11
GP,F,16,U,GT3,T,4,3,health,other,home,mother,1,2,0,no,yes,no,yes,yes,yes,yes,no,4,3,5,1,5,2,2,14,14,15
GP,F,16,U,GT3,T,2,3,other,other,reputation,mother,1,2,0,yes,yes,no,yes,yes,yes,no,no,4,4,3,1,3,4,4,12.405,12,12
GP,F,17,U,GT3,T,1,1,other,other,course,mother,1,2,0,no,yes,no,no,no,yes,no,no,4,4,4,1,3,1,0,14,15,15
GP,F,17,R,GT3,T,2,2,other,other,reputation,mother,1,1,0,no,yes,no,no,yes,yes,yes,no,5,3,2,1,2,3,21,13,13,13
GP,F,16,R,GT3,T,2,2,services,services,reputation,mother,2,4,0,no,yes,no,yes,no,yes,yes,no,5,3,5,1,1,5,6,13,13,13
GP,F,17,U,GT3,T,3,4,at_home,services,home,mother,1,3,1,no,yes,yes,no,yes,yes,yes,yes,4,4,3,3,4,5,14,8,8.79,8
GP,F,16,U,GT3,A,3,1,services,other,course,mother,1,2,0,no,yes,no,yes,yes,yes,yes,no,2,3,3,2,2,4,2,11,11,12
GP,F,16,U,GT3,T,4,3,teacher,other,other,mother,1,2,0,no,no,no,yes,yes,yes,yes,yes,1,3,2,1,1,1,4,14,15,15
GP,F,16,U,GT3,T,1,1,at_home,other,home,mother,2,1,0,no,yes,no,no,yes,yes,no,no,4,3,2,1,4,5,2,12,13,13
GP,F,17,R,GT3,T,4,3,teacher,other,reputation,mother,2,3,0,no,yes,no,yes,yes,yes,yes,yes,4,4,2,1,1,4,0,11,11.41,12
GP,F,19,U,GT3,T,3,3,other,other,reputation,other,1,4,0,no,yes,no,yes,yes,yes,yes,no,4,3,3,1,2,3,4,12,12,12
GP,M,17,U,LE3,T,4,3.003333333333334,services,other,home,mother,1,2,0.12999999999999984,no,yes,no,no,yes,yes,yes,yes,5,3,5,4,5,3,15,13,12,12
GP,F,16,U,GT3,A,2,2,other,other,reputation,mother,1,2,0,yes,yes,no,no,yes,yes,yes,no,3,3,4,1,1,4,0,13,13,13
GP,M,18,U,GT3,T,2.4,2,services,other,home,mother,1,1.76,0,no,yes,no,yes,yes,yes,yes,no,4,4,4,2,4,5,10,12,11,11
GP,F,17,R,LE3,T,4,4,services,other,other,mother,1,1,0,no,yes,no,no,yes,yes,no,no,5,2,1,1,2,3,6,12,11,11
GP,F,17,U,LE3,T,3,2,other,other,reputation,mother,2,2,0,no,no,no,no,yes,yes,yes,no,4,4,4,1.37,3,1,3.0733333333333337,14,16,15
GP,F,17,U,GT3,T,4,3,other,other,reputation,mother,1,1.77,0,no,no,no,no,yes,yes,yes,no,3,4,5,2,4,1,16,11,9,10.53
GP,M,18,U,LE3,T,3,3,services,health,home,father,1.41,2,0,no,yes,no,no,yes,yes,yes,no,3,2,4,2,4,4,10,10,10,10.69
GP,F,17,U,GT3,T,2,3,at_home,other,home,mother,2,1,0,no,yes,no,no,yes,yes,no,no,3,3,3,1,4,3.79,4,12,13,13
GP,F,17,U,GT3,T,2,2,at_home,at_home,course,mother,1,3,0,no,yes,no,yes,yes,yes,yes,no,4,3,3,1,1,4,0,12,12,13
GP,F,17,R,GT3,T,2,1,at_home,services,reputation,mother,2,2,0,no,yes,no,yes,yes,yes,yes,no,4,2,5,1,2,5,0,11,10,11
GP,F,17,U,GT3,T,1,1.708333333333333,at_home,other,reputation,mother,1,3,0,no,yes,no,yes,yes,yes,no,yes,4,3,4,1,1,5,12,12,12,12
GP,F,16,U,GT3,T,2,3,services,teacher,other,mother,1,2,0,yes,no,no,no,yes,yes,yes,no,2,3,1,1.31,1,3,0,13,13,14
GP,M,18,U,GT3,T,2,2,other,other,home,mother,2,2,3,no,yes,yes,yes,yes,yes,yes,no,3,3,3,5,5,4,9,9.18,9,10
GP,F,16,U,GT3,T,4,4,teacher,services,home,mother,1,3,0,no,yes,no,yes,yes,yes,yes,no,5,3,2,1,1,5,4,15,16,16
GP,F,18,R,GT3,T,1.885,1,other,other,reputation,mother,1.75,2,0,no,no,no,yes,yes,yes,yes,yes,5,3,3,1,1,4,4,8,8,8
GP,F,17,U,GT3,T,3,2,other,other,course,mother,1,2,0,no,yes,no,yes,no,yes,yes,no,5,3,4,1,3,3,1.9225,17,18,17
GP,M,17,U,LE3,T,2,3,services,services,reputation,father,1.48,2,0,no,no,no,no,no,yes,yes,no,5,3,3,1,3,3,0,10,11,11
GP,M,18,U,LE3,T,2,1,at_home,other,course,mother,1.81,2,0,yes,yes,no,yes,yes,yes,yes,yes,4,3,2,4,5,3,2,9,10,11
GP,F,17,U,GT3,A,2,1,other,other,course,mother,1.4266666666666667,3,0,no,no,no,yes,yes,yes,yes,yes,3,2,3,1,2,3,0,15,15,16
GP,F,17,U,LE3,T,4,3,health,other,reputation,father,1,2,0,no,no,no,yes,yes,yes,yes,yes,3,2,3,1,2,3,0,14,12,12
GP,M,17,R,GT3,T,2,2,other,other,course,father,2,2,0,no,yes,no,yes,yes,yes,yes,no,4,5,2,1,1,1,0,12,13,13
GP,M,17,U,GT3,T,4,4,teacher,teacher,reputation,mother,1,2,0,yes,yes,no,yes,yes,yes,yes,yes,4,5,5,1,3,2,0,13,13,13
GP,M,16,U,GT3,T,4,4,health,other,reputation,father,1,2,0.03999999999999973,no,yes,no,yes,yes,yes,yes,no,4,2,4,2,4,1,0,13,13,13.068
GP,M,16,U,LE3,T,1,1,other,other,home,mother,2,2,0,no,yes,no,no,yes,yes,yes,no,3,4,2,1,1,5,2,9,9,9
GP,M,16,U,GT3,T,3,2,at_home,other,reputation,mother,2,3,0,no,no,no,yes,yes,yes,yes,yes,5,3,3,1,3,2,0,12,12,12
GP,M,17,U,LE3,T,2,2.1625,other,other,home,father,1,2,0,no,no,no,yes,no,yes,yes,yes,4.01,4,2,2.27,5,4,0,16,16,15.355833333333333
GP,F,16,U,GT3,T,2,1,other,other,home,mother,1,1,0,no,no,no,no,yes,yes,yes,yes,4,2.796666666666667,2,1,1.725,5,4,9,10,10
GP,F,16,U,GT3,A,4,1,other,other,home,mother,1,2,0,no,no,no,yes,yes,yes,yes,yes,5,3,3,1,2,5,0,14,13,13
GP,F,18,U,LE3,A,2,4,services,other,course,mother,2,2,1,no,yes,no,no,yes,yes,yes,no,4,3,3,1,1,3,18,10,10.008333333333333,10
GP,F,18,U,LE3,T,2,2,at_home,services,course,mother,1,2,1,no,yes,no,no,no,yes,yes,yes,5,3,1,1,1,5,16,9,8,10
GP,F,18,U,GT3,T,3,3,other,other,course,mother,2,1,1,no,no,no,no,yes,no,yes,no,4,1,1,1,1,3,14,8,7,7
GP,M,18,U,GT3,T,2,2,other,at_home,course,mother,1,1,1,no,yes,no,yes,no,no,yes,yes,4,4,3,2,2,1,26,7,8,8
GP,M,17,U,GT3,T,4,4,teacher,teacher,course,mother,1,1,0,no,yes,no,yes,no,yes,yes,no,4,2,1,1,2,5,6,10,8,9
GP,F,17,U,GT3,T,3,2,other,other,course,father,1,2,0,no,no,no,yes,yes,yes,no,no,5,2.8216666666666668,2,1,1,3,4,14,14,15
GP,F,17,U,LE3,T,1,1,at_home,at_home,course,mother,1,3,0,no,yes,no,yes,yes,yes,yes,yes,4,3,2,1,2,4,10,11,10,10
GP,F,16,U,GT3,T,1,2,other,other,course,mother,1,1,0,no,no,no,no,yes,no,yes,no,5,3,5,1,2,5,4,12,11,11
GP,F,17,R,GT3,T,2,1,at_home,services,course,mother,3,2,0,no,no,no,yes,yes,yes,no,no,2,1,1,1,1,3,2,13,13,13
GP,F,17,R,LE3,A,1,4,other,other,course,other,4,1,1,no,yes,no,no,yes,yes,yes,no,5,5,4,1,1,5,14,9,9,8
GP,M,18,U,GT3,T,2,2,other,services,reputation,father,1.74,2,0,no,no,no,no,yes,no,yes,no,5,5,4,3,5,2,16,8,7,8
GP,F,17,U,LE3,A,2,2,other,other,home,mother,1,1,0.13999999999999996,no,yes,no,no,no,no,yes,yes,3.29,1,2,1,1,1,8,11,9,10
GP,F,17,R,LE3,T,1,1,at_home,other,course,mother,2,3,0,no,no,no,yes,yes,yes,yes,no,4,3,3,1,3,5,4,15,14,15
GP,F,17,U,LE3,A,4,2,teacher,other,course,mother,1,2,0,no,yes,no,yes,yes,yes,no,no,4,3,2,1.065,1,3.4325,4,15,14,14
GP,M,17,U,LE3,T,3.52,3,health,other,course,mother,2,2,0,no,no,no,yes,yes,yes,yes,yes,4.16,3.514,5,1,2.463333333333333,5,8,15,15,15
GP,M,17,R,LE3,A,4,4,teacher,other,course,mother,2,2,0,no,yes,no,no,yes,yes,yes,no,3,3,3,2,3,4,0,12,12,12
GP,M,16,U,LE3,T,4,3,teacher,other,course,mother,1,1,0,no,no,no,yes,no,yes,yes,no,5,4,5,1,1,3,7,14,14,14.341666666666665
GP,M,16,U,GT3,T,4,4,teacher,services,course,mother,1,1,0,no,no,yes,yes,yes,yes,yes,no,5,3,2,1,2,5,4,14,15,15
GP,F,17,U,GT3,T,3.82,4,teacher,services,home,mother,1,2,0,no,yes,yes,no,yes,yes,yes,yes,5,3,1,1,4,5,2,11,11,12
GP,M,17,R,GT3,T,1,1,other,other,home,father,2,3,0,no,no,no,no,no,yes,yes,yes,4,3,3,1,1,1,2,13,14,15
GP,F,17,U,GT3,T,3,3,services,other,home,mother,2,3,0,no,yes,no,no,yes,yes,yes,yes,4,2,2,2,3,3.416666666666666,10,10.72,11,11
GP,F,17,U,GT3,T,1,1,at_home,other,course,mother,1,2,0,yes,no,no,no,no,yes,no,yes,4,3,2,1,1,4,10,10,9,10
GP,F,18,U,GT3,T,2,1,other,other,course,other,2,3,0,no,yes,no,no,no,yes,yes,yes,4,4,4,1,1,3,5.11,12,10,11
GP,M,16,U,GT3,T,2,1,other,other,course,mother,3,2.043333333333333,0,no,no,no,no,yes,yes,yes,no,4,3,3,1,1,4,7,15,16,16
GP,F,17,U,GT3,T,1,1,other,services,course,father,1,2,0,no,yes,no,no,yes,yes,no,no,4,3,4,1,2,5,4,11,10,11
GP,M,16.37590909090909,U,GT3,T,2,3,other,other,course,father,2,1,0,no,no,no,no,yes,yes,yes,no,5,2,2,1,1,2,2,9,12,13
GP,M,22,U,GT3,T,3,1,services,services,other,mother,1,1,3,no,no,no,no,no,no,yes,yes,5,4,5,5,5,1,12,7,7.713333333333333,5
GP,M,18,R,LE3,T,3,3,other,services,course,mother,1,2,0,no,yes,no,no,yes,yes,yes,yes,4,3,3,1,3,5,8,10,9,10
GP,M,16,U,GT3,T,0,2,other,other,other,mother,1,1,0,no,no,no,no,no,yes,yes,no,4,3,2,2,4,5,0,11,12,11
GP,M,18,U,GT3,T,3,2,services,other,course,mother,1.42,1,0,no,no,no,no,yes,no,yes,no,4.0825,4,5,2,4,5,8,7,8,7
GP,M,16,U,GT3,T,3,3,at_home,other,reputation,other,3,2,1,yes,yes,no,yes,no,yes,yes,no,5,3,3,1,3,2,4,9,11,10
GP,M,18,U,GT3,T,2,1,services,services,other,mother,1,1,2,no,no,no,no,yes,no,yes,no,3,2,5,2,5,5,4,7,8,6
GP,M,16,R,GT3,T,2,1,other,other,course,mother,2,1,0,no,no,no,yes,no,yes,no,no,3,3,2,1,3,3,2,14,13,12
GP,M,17,R,GT3,T,2,1.99,other,other,course,mother,1,1,0,no,no,no,no,no,yes,yes,no,4,4,2,2,4,5,0,12,12,13
GP,M,17,U,LE3,T,1,1,health,other,course,mother,2,1,1,no,yes,no,yes,yes,yes,yes,no,4,4,4,1,2.805,4.242,0,9,10,10
GP,F,18,U,LE3,A,2,1,other,other,course,mother,1,2,0,no,yes,no,no,no,yes,yes,yes,4,3,4,1,3,5,3.74,12,12,13
GP,F,17,U,GT3,T,4,2,teacher,services,reputation,mother,1,4,0,no,yes,no,yes,yes,yes,yes,no,4,2,3,1,1,4,2,14,15,17
GP,F,19,U,GT3,T,2,2,services,services,home,mother,1,2,0,no,yes,no,no,yes,yes,yes,no,4,3,3,1,1,5,0,10,10,11
GP,M,18,U,LE3,T,2,1,services,other,course,mother,3,2,1,no,no,no,no,yes,no,yes,no,3.6875,4,5,4,4,5,4,9.5075,9.6525,11
GP,F,17,R,GT3,T,4,2,other,other,course,mother,1,3,0,no,yes,no,yes,yes,yes,yes,no,4,3,4,1,3,5,2,11,12,14
GP,F,18,U,LE3,T,1,1,other,at_home,home,mother,1,3,0,no,yes,no,no,no,yes,no,yes,4,4,3,2,3,3,4,11,12,14
GP,F,18,R,GT3,T,2,2,other,other,home,mother,1,2,0,yes,no,no,no,yes,yes,no,no,3,2,3,1,1,5,4,11,11,13
GP,F,19,U,LE3,A,4,3,services,at_home,reputation,mother,1,2,0,no,yes,no,no,yes,yes,yes,no,4,3,1,1,1,3.3866666666666667,4,11,13,14
GP,M,18,U,GT3,T,2,1,other,other,home,mother,1,2,0,no,no,no,yes,yes,yes,yes,no,5,2,4,1,2,4,2,16,16,16
GP,M,17,R,GT3,T,2,2,other,services,other,mother,2,1,0,no,no,no,no,no,no,no,no,5,2,2,1,1,4,0,10.04,9.83,10
GP,F,17,U,LE3,T,2,2,services,services,course,father,1,4,0,no,no,no,yes,yes,yes,yes,yes,3,4,1,1,1,2,2,10,11,12
GP,F,20,R,GT3,T,2,1,other,other,course,other,1.955,2,0,no,no,yes,yes,yes,no,yes,yes,1,2,3,1,2,2,8,10,12,12
GP,F,18,U,GT3,T,4,3,services,other,home,father,1,2,0,no,yes,no,no,yes,yes,yes,yes,3,1,2,1,3,2,2,15,15,15.423333333333336
GP,M,18,U,GT3,T,4,3,teacher,other,course,mother,1,2,0,no,yes,no,no,yes,yes,yes,no,4,3,2,1,1,3,2,10,10,11
GP,M,18,R,GT3,T,3,2,other,other,course,mother,1,3,0,no,no,no,yes,no,yes,no,no,5,3,2,1,1,3,2,10,11,12
GP,F,17,U,GT3,T,3,3,other,other,home,mother,1,3,0,no,no,no,yes,no,yes,no,no,3,2,3,1,1,4,2,15,12,13
GP,F,18,U,GT3,T,2,2,at_home,at_home,home,mother,1,3,0,no,yes,no,yes,yes,yes,yes,yes,4,3,3,1,1,3,0,11,12.015,13
GP,M,17,U,GT3,T,2,2,other,other,home,father,2,1,0,no,no,no,no,yes,no,yes,no,4,4,4,2,3,4,8,8,8,9
GP,M,18,R,LE3,T,3,4,other,other,reputation,mother,1.626666666666667,2,0,no,yes,no,yes,yes,yes,yes,no,4,2,5,3,4,1,5.3375,15,16,16
GP,M,17,U,GT3,T,3,1,services,other,other,mother,1.56,2,0,no,no,no,yes,yes,yes,yes,yes,5,4,4,3,4,5,0,11,11,14
GP,F,18,R,GT3,T,4,4,teacher,other,reputation,mother,2,2,0,no,no,no,yes,yes,yes,yes,no,4,3,4,2,2,4,8,10,11,12
GP,M,18,U,GT3,T,4,2,health,other,reputation,father,1,2,0,no,yes,no,yes,yes,yes,yes,yes,5,4,5,1,3,5,4,10,12,14
GP,F,18,R,GT3,T,2,1,other,other,reputation,mother,2,2,0,no,yes,no,no,yes,no,yes,yes,4,3,5,1,2,3,12,8,9,10
GP,F,19,U,GT3,T,3,3,other,services,home,other,1.3319999999999999,2,0,no,yes,no,yes,yes,yes,yes,no,4,3,5,3,3,5,16,11,12,12
GP,F,18,U,GT3,T,2,3,other,services,reputation,father,1,4,0,no,yes,no,yes,yes,yes,yes,no,4,5,5,1.606666666666667,3,2,10,16,16,16
GP,F,18,U,LE3,T,1,1,at_home,other,home,mother,2,2,0,no,yes,no,no,no,yes,no,no,4,4,3,1,1,3,2,13,13,13
GP,M,17,R,GT3,T,1,2,at_home,at_home,home,mother,1,2,0,no,yes,no,yes,no,yes,no,yes,3.91,5,2,2,2.713333333333334,1,2,16,17,18
GP,F,18,U,GT3,T,2,1,other,other,home,mother,1,2,0,no,yes,no,no,yes,yes,yes,yes,3.953333333333333,2,5,1,2.119285714285714,1,3.101666666666666,14,14,15
GP,F,17,U,GT3,T,2,4,at_home,health,reputation,mother,2,2,0.03999999999999965,no,yes,no,no,yes,yes,yes,yes,4,3,3,1,1.6933333333333331,1,6,15,16,16
GP,F,17,U,LE3,T,2,1.9133333333333333,services,other,course,mother,2,2,0,yes,yes,no,yes,yes,yes,yes,yes,4,4,4,2,3,5,6,12,12,12
GP,F,18,R,GT3,A,3,2,other,services,home,mother,2,2,0,no,no,no,no,no,no,yes,yes,4,1,1,1,1,5,6.496,12,9,10
GP,M,18,U,GT3,T,4,4,teacher,services,home,mother,2,1,0,no,no,no,yes,yes,yes,yes,no,3.595,2,4,1,4,3,6,11,12,12
GP,F,18,U,GT3,T,4,4,health,health,reputation,father,1,2,1,yes,yes,no,yes,yes,yes,yes,yes,2,4,4,1,1,4,2,14,12,13
GP,F,17,U,GT3,T,2,2,other,services,reputation,father,1.39,3,0,no,yes,no,no,yes,yes,yes,yes,4,2,3,1,1,1,8,13,15,15
GP,F,19,U,GT3,T,3,2,services,services,reputation,father,1,2,1,yes,yes,no,no,yes,no,yes,no,3,3,3,4,3,3,0,9,8,10
GP,M,18,U,LE3,T,4,3,teacher,services,course,mother,1.504,1,0,no,no,no,yes,yes,yes,yes,no,4,2,3,1,2,1,0,10,10,10
GP,M,18,U,GT3,T,1,1.4433333333333334,at_home,other,home,mother,2,1,0,no,no,no,no,no,no,yes,no,3,4,4,2,4,4,10,10,10,11
GP,M,17,U,LE3,A,4,1,services,other,home,mother,2,1.6566666666666665,0.31,no,no,no,yes,yes,yes,yes,no,3.89,5,4,2,4,5,22,11,11,10
GP,M,17,U,LE3,A,3,2,teacher,services,home,mother,1,1,0,no,no,no,no,yes,yes,yes,no,4,4,4,3,4,3,18,13,13,13
GP,F,18,R,LE3,T,1,1,at_home,other,reputation,mother,2,4,0,no,yes,no,no,yes,yes,no,no,3.8641666666666663,2,2,1,1,3,2,17,17,18
GP,F,18,U,GT3,T,1,1,other,other,home,mother,2,2,0,yes,no,no,yes,yes,yes,yes,no,5,4,4,1,1,4,0,12,13,13
GP,F,17,U,GT3,T,2,2,other,other,course,mother,1,2,0,no,yes,no,no,no,yes,yes,no,5,4,5,1.053,2,5,2.3033333333333332,12,12,14
GP,F,18,U,GT3,T,2,1,other,other,reputation,mother,2,2,0,no,no,no,yes,yes,yes,yes,yes,4,3,1,1,1,5,10,12,13,14
GP,M,17,U,GT3,T,1,1,other,other,reputation,father,1,2,0,no,no,no,no,no,yes,yes,no,4,3.249166666666667,3,1,2,4,0,12,12,12
GP,F,17.168333333333333,U,GT3,T,2,2,at_home,at_home,other,mother,1,3,0,no,yes,no,no,yes,yes,yes,no,4,3,3,1,2,3.375,0,18,18,18
GP,F,17,U,GT3,T,1,1,services,teacher,reputation,mother,1,3,0,no,yes,no,no,yes,yes,yes,no,4,3,3,1,1,3,0,13,13.58,14
GP,M,18,U,GT3,T,2,1,services,services,reputation,mother,1,3,0,no,no,no,yes,yes,yes,yes,no,4,2,4,1,3,2,0,14,15,15
GP,M,18,U,LE3,A,4,4,teacher,teacher,reputation,mother,1,2,0,no,yes,no,yes,yes,yes,yes,no,5,4,3,1,1,2,0,17,17,17
GP,M,18,U,GT3,T,4,2,teacher,other,home,mother,1,2,0,no,yes,no,yes,yes,yes,yes,yes,4,3,2,1,4,5,2,15,16,16
GP,F,17,U,GT3,T,4,3,health,services,reputation,mother,1,3,0,no,yes,no,no,yes,yes,yes,no,4,2,2,1,2,3,0,17,18,18
GP,F,17,R,LE3,T,3,1,services,other,reputation,mother,2,4,0,no,yes,no,no,yes,yes,no,no,3.7425,1,2,1,1,3.5,0,18,19,19
GP,M,16.09,U,LE3,T,3,2,services,other,reputation,mother,2,3,0,no,yes,no,yes,yes,yes,yes,no,5,4,2,1,1,4,0,14,15,15.445
GP,M,17,U,GT3,T,3.138,3,services,other,home,mother,1,1,0,no,yes,no,no,yes,yes,yes,no,4,4,3,1,3,5,0,14,15,15
GP,F,19,U,GT3,T,4,4,health,other,reputation,other,1.25,2,0,no,yes,no,yes,yes,yes,yes,no,2,3,3.51,2,3,2,3.61,14,13,13
GP,F,17.14,U,LE3,T,4,3,other,other,home,other,2,2,0,no,yes,no,no,yes,yes,yes,yes,4.05,4,5,1,2,2,0,13,14,14
GP,F,18,U,GT3,T,4,3,other,other,reputation,father,1,4,0,no,yes,no,no,yes,yes,yes,no,4,2.73,3,1,1,3,0,16,17,17
GP,M,18,U,LE3,T,4,4,teacher,teacher,home,mother,1,1,0,no,yes,no,no,yes,yes,yes,yes,1,4,2,2,2,1,0,18,18,17
GP,F,18,U,LE3,A,4,4,health,other,reputation,mother,1,2,0,no,yes,no,no,yes,yes,yes,yes,4,3.293333333333334,4,1.07,1,4,0,14.038333333333332,15,15
GP,M,17,U,GT3,T,4,4,other,teacher,home,father,1.17,1.68,0,no,no,no,no,yes,yes,yes,no,3.77,1,1,2,2,5,0,12,13,13
GP,F,17,R,GT3,T,4,4,services,services,reputation,mother,1.55,3,0,no,yes,no,yes,yes,yes,yes,no,5,3,4,1,1,3.78,0,7,7,8
GP,F,17,U,GT3,T,4,2,other,other,reputation,mother,2,3,0,no,yes,no,no,yes,yes,yes,no,4.1375,3,3,1,1,3,0,15.054,16,16
GP,F,17,U,GT3,T,3,2,health,health,reputation,father,1,4,0,no,yes,no,yes,no,yes,yes,no,5,2,2,1,2,5,0,18,18,18
GP,M,19,R,LE3,T,2,1,at_home,services,course,other,2,3,1,no,no,no,yes,yes,yes,no,yes,4,3,2.5966666666666662,1,1,5,0,9,10,11
GP,M,20,U,GT3,A,3,2,other,other,course,other,1,1,2,no,no,no,yes,yes,yes,no,no,5,5,3,1,1,5,0,14,15,15
GP,M,19,R,GT3,T,3,3,other,services,reputation,father,1,2,0,no,no,no,yes,yes,yes,no,yes,4,5,3.385,1,2,5,0,10,10,11
GP,F,16.67,U,GT3,T,1,4,other,teacher,home,mother,1,2,0,no,yes,no,no,no,yes,no,yes,3,4,3.1333333333333337,1,2,5,2,10,10,11
GP,F,18,U,GT3,T,2,1,services,other,course,mother,2,2.236666666666667,0,no,yes,no,yes,yes,yes,yes,no,5,3,3,1,2,1,2,12,12,15
GP,F,17,U,GT3,T,2,3,other,other,course,father,2,2,0,no,no,no,yes,yes,yes,yes,yes,4,2,1,1,1,3,2,11,12,14
GP,F,17,R,GT3,T,4,4,teacher,teacher,course,mother,1,1,0,no,no,no,yes,yes,yes,yes,no,4,3.233,4,1,1,5,2,15,16,17
GP,F,18,U,GT3,T,4,3,other,other,reputation,mother,1,3,0,no,yes,no,yes,yes,yes,yes,yes,4,3,4,1.06,1,5,2,14,15,17
GP,F,18,U,LE3,T,4,3,health,services,course,mother,2,1,0,no,yes,no,no,yes,yes,yes,no,3,2,4,1,4,1,8,12,12,15
GP,F,17,R,GT3,T,3,4,at_home,services,course,father,1,3,0,no,yes,no,yes,no,yes,yes,no,4,3.2166666666666663,4,2,5,3.5,2,15,15,14.750833333333333
GP,F,18,U,GT3,T,3,3,at_home,other,course,father,1,2,0,no,yes,no,no,yes,yes,yes,no,4,1,4,1,1,3,8,11,12,14
GP,M,19,U,GT3,T,4,2,health,other,course,other,2,2,0,no,yes,no,yes,yes,yes,yes,yes,3.3666666666666663,4,4,1,1,1,9,11,10,10
GP,F,18,U,GT3,T,4,4,teacher,other,course,mother,1,2,0,no,yes,no,yes,yes,yes,yes,no,4,4,4,3,3,5,0,12,12.34,13
GP,F,18,U,GT3,T,3,4,other,other,course,mother,1,1,0,no,yes,no,yes,yes,yes,yes,yes,5,4,4,1,1,1,4,11,12,14
GP,F,16.46333333333333,U,GT3,T,4,4,health,health,course,mother,1.14,1,0,no,no,no,yes,yes,yes,yes,no,5,3,4,1,2,5,2,14,15,17
GP,F,17,U,LE3,A,4,2.9483333333333337,services,services,course,mother,1,2,0,no,yes,no,no,yes,yes,yes,yes,5,2,2,1,2,5,14,15,14.856,17
GP,F,17,U,LE3,A,3,3,services,other,home,mother,1,2,0,yes,yes,no,no,yes,yes,yes,no,5,3,3,1,1,5,0,12,12,13
GP,F,17,U,LE3,T,2,1,other,other,home,father,1,2,0,no,no,no,yes,yes,yes,yes,no,4,2,3,2,2,2,2,11,12,14
GP,M,18,U,LE3,T,4,4,other,other,course,father,1,1,0,no,yes,no,no,yes,yes,yes,no,4,2,5,3,4,5,2,8,9,11
GP,F,19,U,GT3,T,1,1,other,other,course,other,3,3,0,no,no,no,yes,yes,no,no,yes,1,5,5,4,3,5,12,10,10,11
GP,F,19,U,LE3,A,1,1.38,other,other,course,other,3,2,2,no,yes,no,no,no,yes,yes,yes,5,3,4,1,1,4,2,8,8,9
GP,F,18,U,GT3,T,2,2,other,other,course,mother,1,1,0,no,yes,no,yes,yes,yes,yes,yes,4,3,5,2,4,4.093333333333333,2,10,10,10
GP,F,17,U,GT3,T,2,2,other,other,course,mother,1,2,0,no,yes,no,no,yes,yes,no,yes,3.95,2.49,2,1,1,3,4,14,13,13
GP,F,17,R,LE3,T,2,2,services,services,course,mother,1.49,3,0,no,yes,no,yes,yes,yes,yes,no,3,3,2,2,2,3,0,11,11,10
GP,F,17,U,GT3,T,3,1,services,services,course,father,1,3,0,no,yes,no,no,no,yes,yes,no,3,4,3,2,3,5,0,17,18,17
GP,F,17,U,LE3,T,0,2,at_home,at_home,home,father,2,3,0,no,no,no,no,yes,yes,yes,no,3,3,3,2,3,2,0,14,14,15
GP,F,17.010833333333334,U,GT3,T,1,1,other,other,home,mother,2,3,0,no,no,no,yes,yes,yes,yes,no,4,5,5,1,2,2,2.75,14,14,14
GP,M,18,U,GT3,T,4,4,other,other,course,mother,1,3,0,no,no,no,yes,yes,yes,yes,no,4,3,3,2,2,3,0,13,14,13
GP,M,17,U,GT3,T,3,3,services,services,reputation,mother,1,1,0,no,no,no,yes,no,yes,yes,no,4,3,5,3,5,5,0,17,18,17
GP,M,17,R,GT3,T,2.42,2,services,other,course,mother,4,1,0,no,yes,no,no,yes,yes,yes,no,3.83,4,5,5,5,4,2,11,10,10
GP,F,17,U,GT3,T,4,4,teacher,services,course,mother,1,3,0,no,yes,no,yes,yes,yes,yes,no,5,4,4,1,3,4,1.515,13,12,13
GP,F,17,U,GT3,T,4,4,teacher,teacher,course,mother,2,3,0,no,yes,no,no,no,yes,yes,yes,4,3,3,1,2,4,4,15,14,15
GP,F,17,U,GT3,T,3,3,at_home,other,course,mother,1,1,0,no,yes,yes,yes,yes,yes,yes,no,4,3.3573333333333335,5,2,5,5,2,11,12,11
GP,M,18,U,LE3,T,2.56,2,other,other,course,mother,1,4,0,no,yes,yes,yes,yes,yes,yes,no,4,5,5,2,4,5,0,11,11,12
GP,M,19,R,GT3,T,3,2,at_home,services,home,other,1.9575,1,0.5,no,yes,no,no,no,yes,no,yes,5,3,4,2,2,5,0,11,10,10
GP,F,18,U,GT3,T,2,2,at_home,other,course,mother,1.72,2,0,no,no,no,yes,yes,yes,no,yes,4,2,5,1,2,2,2,10,9,10
GP,F,17,R,GT3,T,2,4,at_home,other,course,father,1,3,0,no,yes,no,no,yes,yes,yes,yes,4,4,3,1,1,5,0,15,15,15
GP,M,18,U,GT3,T,2,2,other,other,reputation,mother,1.468333333333333,2.11,0,no,no,no,no,no,yes,yes,no,5,4,2,1,1.79,5,6,15,14,15
GP,F,18,U,GT3,T,3,3,services,services,home,mother,1.39,2,0,no,no,no,yes,yes,yes,yes,no,5,3,4,1,1,4,8,10,11,12
GP,F,18,U,LE3,T,2,2,other,other,home,other,1,2,0,no,no,no,yes,no,yes,yes,yes,4,3,3,1,1,2,0,10,9,12
GP,F,18,R,GT3,T,2,2,at_home,other,course,mother,2,2.09,0,no,no,no,yes,yes,yes,no,no,4,4,4,1,1,4,6,14,13,14
GP,F,17,U,GT3,T,3,4,services,other,course,mother,1,3,0,no,no,no,no,yes,yes,yes,yes,4,4,5,1,3,5,8,11,13,12.99125
GP,F,17,U,GT3,T,3,2,other,other,home,mother,1,2,0,no,yes,no,no,yes,yes,yes,yes,4,3,2,1.45,3,2,0,12,13,15
GP,F,18,U,LE3,T,3,3,services,services,home,mother,1,4,0,no,yes,no,no,yes,yes,yes,no,4.06,3,3.2728571428571427,1.0875,1,1,4,14,14,15
GP,F,17,R,GT3,A,3,2,other,other,reputation,mother,1,2,0,no,yes,no,no,yes,yes,yes,no,4,3,3,2,3,2,0,14,14,16
GP,M,18,U,GT3,T,4,4,teacher,services,home,father,1,2,0,no,yes,no,yes,yes,yes,yes,no,4,3,3,1.27,2,2,0,12.353333333333332,12,13
GP,M,16.6,U,LE3,T,3,4,services,other,home,mother,1,2,0,no,no,no,yes,yes,yes,yes,no,4,3.18,3,1,3,5,6,16,16,17
GP,F,17,U,GT3,A,2,2.2233333333333336,at_home,at_home,home,father,1,2,0,no,yes,no,no,yes,yes,yes,yes,3,3,1,1,2,4,18,10,12,14
GP,F,18,U,GT3,T,2,3,at_home,other,course,mother,1,3,0,no,yes,no,no,yes,yes,yes,no,4,3,3,1,2,3,0,11,12,14
GP,F,18,U,GT3,T,3,2,other,other,other,mother,1,3,0,no,no,no,no,yes,yes,yes,yes,5,4,3,2,3,1,2.485,14,16,17
GP,M,18,R,GT3,T,4,3,teacher,services,course,mother,1,3,0,no,no,no,no,yes,yes,yes,yes,5,3,2,1,2,4,4,15,14,17
GP,M,18,U,GT3,T,4,3,teacher,other,course,mother,1,3,0,no,yes,no,no,yes,yes,yes,yes,5,4,5,2,3,5,0,12.2,13,13.03
GP,F,17,U,GT3,T,4,3,health,other,reputation,mother,1,3,0,no,yes,no,yes,yes,yes,yes,yes,4,4,3,1,3,4,0,11,12,13
GP,F,17,U,GT3,T,2,1,services,other,course,mother,2,2,0,no,yes,no,yes,yes,yes,yes,yes,4,3.2,4,2,2,1,10,13.49,15,15
GP,F,17,U,GT3,T,2,1,services,other,reputation,mother,1,2,0,no,yes,no,yes,yes,yes,yes,no,4,3,5,2,4,4,4,12,16,16
GP,F,19,U,LE3,A,2,3,at_home,other,home,other,2,1,0.5,no,no,no,no,yes,no,yes,yes,2,2,3,3,4,5,16,10,11,11
GP,F,17,U,GT3,T,3,1,other,at_home,home,mother,1,1,1,no,yes,yes,no,yes,yes,yes,yes,4,1,2,1,1,3,6,10,13,13
GP,F,21,U,LE3,T,4,4,health,other,reputation,other,1,3,2,no,no,no,yes,yes,yes,yes,no,3,3,2.885,1,1,5,0,9,12,12
GP,M,18,U,LE3,T,2,2,services,services,reputation,mother,1,2,0.3,no,yes,no,yes,no,no,yes,no,4,4,4,1.79,3,3,11,9,11,12
GP,M,18,U,LE3,A,3,4,other,other,reputation,other,1.47,1.94,0,no,no,no,yes,yes,yes,yes,no,3.71,3,5,1,4,2,9,13,14,14.195
GP,F,17,U,GT3,T,2,2.043333333333333,services,services,reputation,mother,1,2,0,no,yes,no,yes,yes,yes,yes,no,4,3,4,1,1.8283333333333334,4,0,13,17,17
GP,M,17,U,LE3,A,4,4,health,other,reputation,mother,1,3,0,no,yes,no,no,yes,yes,yes,no,4,4,2,1,2,4,2,12,15,15
GP,F,18,U,LE3,T,4,2,teacher,other,reputation,mother,1,2,0,no,yes,no,yes,yes,yes,yes,no,3.888333333333333,2,2,1,1,3,0,14,17,17
GP,M,21,R,LE3,T,1,1,at_home,other,course,other,2,2,2,no,yes,no,yes,yes,no,yes,yes,5,3,3,5,2,4,21,9,9.253333333333334,10
GP,F,20,R,GT3,T,1,1,other,other,reputation,other,2,3,0,no,no,no,no,yes,yes,yes,yes,3,2,2,1,3,3,8,11,15,15
GP,F,19,U,GT3,T,4,4,teacher,teacher,home,other,1,1,1,no,yes,no,no,yes,yes,yes,no,3,2,5,4,4,5,5,9,10.4,11
GP,M,17,U,LE3,A,3,2,other,other,reputation,mother,1,2,0,no,no,no,no,yes,yes,yes,no,4,4,4,1,2,5,10,16,18,18
GP,F,18,U,GT3,T,3,2,at_home,other,reputation,father,1.33,3,0.009999999999999653,no,yes,no,no,yes,yes,yes,yes,4,2.81,4,1,2,2,5,14,17,17
GP,M,18,R,GT3,T,2,3,other,services,reputation,father,1,1,0,no,no,no,no,yes,yes,yes,no,3,1,3,4,5,4,13,13,14,14
GP,M,19,U,GT3,T,2,1,other,other,reputation,mother,1,1,0,no,no,no,no,yes,yes,yes,no,5,3,4,1,4,4,10,7,11,11
GP,F,18,U,LE3,A,2,2,services,other,reputation,mother,2,2,0,no,yes,no,no,yes,yes,yes,no,4,1,4,1,3,4,10,14,17,17
GP,F,20,U,GT3,T,1,0,other,other,reputation,mother,2,1,1,no,no,no,no,yes,yes,yes,yes,5,3,1,1,1,5,5,8,10,10
GP,F,18,U,GT3,T,3,2,services,other,home,mother,1,2,0,no,yes,no,yes,no,yes,yes,yes,3,1,2,1,2,1,4,10,13,13
MS,F,16,U,GT3,T,1,3,at_home,other,other,father,2,1,0,no,yes,no,no,yes,no,yes,yes,4,3,3,1,3,5,11,10,11,11
MS,F,16,R,GT3,T,2,2,other,other,course,mother,2,2,0,no,yes,no,yes,yes,yes,yes,no,4,4,4,1,1,5,0,12,12,12.985999999999999
MS,F,15,R,GT3,T,1,1,at_home,services,other,mother,1,1,1,no,yes,no,no,yes,yes,no,no,4,1,3,1,1,2,6,8.85,10,10
MS,M,15,R,GT3,T,3,3,at_home,other,course,mother,2,1,0,no,yes,no,no,yes,yes,yes,no,5,4,4,2,3,5,4,10,10,11
MS,F,16,R,GT3,T,2,3,at_home,services,course,mother,2,2,0,no,no,no,no,yes,yes,no,no,4,5,2,1,1.5883333333333332,5,0,14.52,15.0525,17
MS,F,15,U,LE3,T,2,1,at_home,other,home,mother,2,1,0,no,no,no,no,yes,no,no,no,1,3.3360000000000003,4,1,1,1,0,6,8,9
MS,M,16,R,LE3,A,4,4,at_home,other,home,mother,1,2,0,no,yes,no,no,yes,yes,no,no,5,3,3.266666666666666,1,3,2,5,10,11,11
MS,M,16,U,GT3,A,1,2,other,other,other,mother,1,3,0,yes,no,no,no,yes,yes,yes,no,4,4,3,1,2.08,5,0,10,11,11
MS,F,17,R,GT3,T,3,2,at_home,other,course,father,2.0825,2,1,no,no,no,no,yes,yes,no,yes,4,5,4,1,2,5,1.96,10,10,10
MS,F,17,R,GT3,T,1,1,other,other,other,mother,1,1,1,no,yes,no,no,no,no,yes,no,5,4,4,2,2,5,0,6,6,7
MS,F,15,R,GT3,T,4,4,teacher,other,course,mother,2,1,0,no,no,no,no,yes,yes,yes,yes,1,5,1,3,5,5,4.773333333333333,13,14,14
GP,F,16,U,LE3,A,2.155,2,at_home,other,reputation,mother,2,4,0,no,no,no,yes,no,no,no,yes,1,2,1,1,1,1,4,10,9,11
MS,F,15,R,LE3,T,1,1,at_home,services,reputation,father,2,2,0,no,yes,no,no,yes,yes,yes,no,5,4,3,1,2,4,0,10,10,10
MS,F,15,R,LE3,T,1,1,other,services,course,mother,2,1,1,no,yes,no,no,yes,yes,yes,yes,4,4,3,1,2,2,4,6,7,8
MS,F,16,R,GT3,T,0,2,other,other,other,mother,2,1,0,no,yes,no,no,yes,yes,no,no,3,2,3,1,2,2,0,12,11,12
MS,F,17,R,GT3,T,2,3,other,other,course,mother,2,1,0,no,yes,no,no,yes,yes,yes,no,5,5,5,1,3,3,2,10,11,12
MS,F,15,R,GT3,T,3,3,other,services,course,father,2,1,0,no,no,no,no,no,yes,yes,no,4,1,3,1,1,4,0,14,16,16
MS,M,16,U,GT3,T,1,1,at_home,services,home,mother,2,2,0,no,yes,no,yes,yes,yes,no,yes,5,4,5,4,5,3,0,7,0,0
MS,M,17,U,GT3,T,1,1,other,other,home,mother,1,2,0,no,no,no,no,no,yes,yes,no,4,4,3,2,4,5,4,8,9,9
MS,M,15,R,LE3,T,2.98,1,health,services,reputation,father,1,2,0,no,yes,no,yes,yes,yes,yes,no,5,3,4,1,2,2,0,12,12.663499999999999,14
MS,M,15,R,LE3,T,4,1,health,services,reputation,father,1,2,0,no,yes,no,yes,yes,yes,yes,no,5,3,4,1,2,2,7,7,9,8
MS,M,16.8,R,GT3,T,3,4,other,health,other,mother,3,2,0,no,no,no,no,no,yes,no,no,3,4,5,1,2,5,4,9,10,11
MS,M,15,R,GT3,T,1,1,other,other,course,mother,4,2,0,no,yes,no,yes,yes,yes,no,yes,5,4,5,2,4,4,8,7,9,9
MS,M,15,U,LE3,T,3,3,at_home,at_home,reputation,father,1,2,0,no,yes,no,yes,yes,yes,yes,no,5,3,3,1,1,5,0,11,11,11
MS,M,17,R,GT3,T,2,1,other,other,other,mother,3,1,0.6,no,no,no,yes,yes,no,no,yes,5,5,5,5,5,3,8,8.2425,10,9
MS,F,16,R,GT3,T,4,3.55,teacher,teacher,course,mother,2,3,0,no,no,no,yes,yes,yes,yes,yes,4,2,2,1,1,4,6,14.295,16,17
MS,F,15,R,GT3,T,1,2,other,services,course,mother,2,1,0.03999999999999973,no,no,no,no,yes,yes,no,no,5,1,2,1,1,1,3,12.58,13,13
MS,F,16,R,GT3,T,2,3,other,other,course,mother,3,2.133,0,no,yes,no,no,yes,yes,yes,no,4,5,4,1,2,1,1.74,15,15,15
MS,M,16,R,GT3,T,1,2,other,other,course,father,2,2,0,no,no,no,no,yes,yes,no,no,4,3,3,1,1,5,0,10,11,11
MS,F,16,R,GT3,T,2,2,other,other,course,mother,3,2,0,no,yes,no,no,yes,yes,yes,no,4,4,5,1,1,4,4,9,10,11
MS,F,16,U,GT3,T,1,2,other,services,course,mother,1,3,1,no,yes,no,no,yes,yes,no,no,1,3,2,1,1.9,4,0,10,8,8
MS,F,16,U,GT3,T,1,2,other,services,course,mother,1,3,1,no,yes,no,no,yes,yes,no,no,1,3,2,1,2,4,3,9,8,8
MS,F,15,U,GT3,T,2,1,at_home,other,home,mother,1,2,0,yes,yes,no,no,no,yes,yes,no,4,4,2,3,3,2,0,9,9.68,9
MS,F,16,U,GT3,T,1,1,at_home,other,course,father,1,2,0,no,yes,no,no,no,yes,yes,yes,5,4,3.193333333333334,2,1,2,0,13,13.628333333333336,15
MS,M,17,R,LE3,T,1,2,at_home,services,course,mother,1,1,0,no,yes,no,yes,yes,yes,yes,no,5,3.22,5,5,5,3,4,10,11,11
MS,F,16,R,GT3,T,1,1,other,other,home,father,4,4,0,no,yes,no,no,no,yes,yes,no,4,3,2,1,1,1,0,11.72,10,13
MS,F,16,R,GT3,T,1,1,at_home,other,other,father,4,3,0,no,yes,no,no,yes,yes,no,no,4,4,3,1,1,5,2,10,9,10
MS,F,15,R,GT3,T,1,1,at_home,other,home,father,2,2,0,no,yes,no,yes,yes,yes,yes,no,4,3,3,1,1,2,1,11,10,11
MS,F,16,R,GT3,T,1,1,at_home,other,other,mother,2,1,0,no,no,no,yes,yes,yes,yes,yes,4,2,2,4,3,2,0,13,12,14
MS,F,15,R,GT3,T,1,1,at_home,at_home,course,father,3,2,0,no,yes,no,no,yes,yes,no,no,4,2,1,1,2,2,0,13,14,14
MS,F,15,R,LE3,T,2,2,other,other,other,father,1,3,0,yes,yes,no,no,yes,yes,no,no,4,4,3,2,2,5,2,14,11,12
MS,M,16,R,GT3,T,1,1.735,at_home,other,other,father,2,1,0,no,no,no,yes,yes,yes,no,no,3.833333333333333,4,4,3,4,5,6,11,11,11
MS,F,18,U,GT3,T,1,2,other,other,course,father,1,2,1.1375000000000002,no,yes,no,yes,yes,yes,yes,yes,3,4,4,2,3,5,9,9,8,8
MS,M,15,U,GT3,T,3,1,other,services,home,mother,2,1,0,no,yes,no,no,yes,yes,no,no,3,2,3,1,3,4,0,10,9,11
MS,F,16,R,GT3,T,2,2,other,services,course,father,3,2,0,no,yes,no,yes,yes,yes,yes,no,5,3.6425,4,1,1,2,1,14,13,14
MS,M,15,U,GT3,T,2,2.035,health,other,reputation,mother,3,1,0,no,no,no,no,yes,yes,no,no,4,3,3,1,2,4,5.034,13,12,13
MS,M,16,U,GT3,T,1.9433333333333331,1.855,other,other,course,father,1,2,0,no,yes,no,yes,yes,yes,no,yes,4,3,1,1,1.64,3,0,13,12,13
GP,F,15,R,GT3,T,3,3,services,other,reputation,mother,1,2,0,no,yes,no,no,yes,yes,yes,yes,4,5,4,1,1,1,4,13,12,12
MS,F,16,R,GT3,T,2,2,at_home,other,course,mother,2,2,1,no,yes,no,yes,no,yes,yes,no,4,4,4,2,3,5,2,12,11,12
MS,F,16,R,LE3,T,2,2,other,other,home,father,3,1,0,no,yes,no,yes,yes,yes,no,yes,4,2.81,2,1,1,4,0,14,14,16
MS,M,16,U,LE3,T,2,1,at_home,services,course,mother,2,1,0,no,yes,no,yes,yes,yes,yes,no,2,4,3,2,3,4,4,10,8,10
MS,M,15,R,LE3,T,1,3,at_home,other,reputation,father,3,1.645,0,no,yes,no,yes,yes,yes,yes,no,4,2,4,3,5,3,2,10,11,11
MS,F,15,U,GT3,T,2,2,other,other,course,mother,2,3,0,no,yes,no,yes,yes,yes,no,no,5,3,2,1,1,4,0,12,13,14
MS,F,16,R,LE3,T,2,1,other,other,home,mother,1,1,0,no,yes,no,no,yes,yes,yes,yes,5,4,3,1,1,5,2,10,8,8
MS,M,15,U,GT3,T,3,3,services,services,course,father,2,1,0,no,yes,no,yes,no,yes,yes,no,3.53,3,3,2,2.94875,3,11,12,10,11
MS,F,16,R,GT3,T,1,1,at_home,other,course,father,2,2,3,yes,yes,no,yes,yes,yes,no,no,3,4,3,1,1,1,0,7,7.94,8
MS,M,17,U,GT3,T,2,2,other,at_home,course,mother,1,1,0,no,yes,no,yes,yes,no,no,no,4,5,3,1,1,5,4,9,9,10
MS,F,18.115,U,GT3,T,2,3,at_home,services,course,other,1,1,1,no,no,no,no,yes,no,yes,yes,4,4,4,1,1,2,0,9,9,10
MS,F,17,R,GT3,T,2,1,at_home,other,course,mother,3,1,0,no,yes,no,yes,yes,no,no,no,5,5,3,1,1,3,2,9,9.78,11
MS,F,15,R,LE3,T,1,1,at_home,other,course,mother,2,1,0,no,yes,no,no,yes,no,no,yes,5,2,1,1,3,3.088,0,9,10,9
MS,F,16,R,GT3,T,2,2,other,other,course,father,3,2,0,no,yes,no,no,yes,no,yes,no,3,4,5,1,2,1,1,9,10,11
MS,F,16,U,GT3,A,2,2,other,other,home,mother,1,1,0.44333333333333336,no,yes,no,no,yes,no,no,no,4,3,4,1,2,1,6,7,7,8
MS,F,17,R,GT3,T,2,2,at_home,other,course,mother,2,2,0,no,yes,no,no,yes,yes,yes,no,4,3,5,1,2,4,0,11,10,11
MS,M,16,U,GT3,T,2,2,other,services,course,father,1,1,1,no,yes,yes,yes,no,yes,yes,no,4,4,3,1,4,3,1,9,10,10
MS,F,18,R,LE3,A,3,2,other,other,course,other,2,3,0.83,no,yes,no,no,no,no,no,yes,3,3,2,1,1,2,6,7,9,8.8
MS,F,19,U,GT3,T,1,1,at_home,services,course,mother,1,3,1,no,no,no,yes,yes,no,no,yes,5,3,1,1,1.65,3,6,7,9,9
MS,M,18,R,GT3,T,1,1,other,other,home,mother,2,1,1,no,no,no,yes,yes,no,yes,no,4,4,3,3,4,4,0,8,9,10
MS,F,18,R,GT3,T,1,1,at_home,at_home,course,mother,2,1,1,no,no,no,no,no,no,yes,yes,3,2,3,1,1,2,4,9,11,10
MS,F,19,U,GT3,T,1,1,other,other,course,other,2,1.7,1,no,yes,no,no,yes,yes,yes,yes,1,1,4,4,3.07,1,12,7,7.63,9
MS,F,16,R,GT3,A,2,2,health,other,course,mother,1,2,0,no,no,no,no,no,yes,no,yes,3,3,2,1,1,3,2,8,10,10
MS,F,17,U,GT3,T,0,1,other,at_home,course,father,2,1,0,no,no,no,yes,no,yes,no,no,2,4,4,3,5,5,5,9,9,10
MS,F,17.1,R,LE3,T,1,2,at_home,other,course,mother,1,2,0,no,no,no,yes,yes,no,yes,no,4,4,3.74,1,3,3,0,8,9,9
MS,F,16,U,GT3,T,3,3,other,other,home,mother,1,1,0,no,no,no,yes,yes,no,yes,yes,4,5,4,1,1,4,0,14,13,13
MS,F,16,R,LE3,T,1,1,services,services,home,mother,1,2.495,0,no,yes,no,yes,yes,yes,yes,yes,4,4,4,2,2,4,2,14,14,14
MS,M,17,R,GT3,T,3,3,services,at_home,course,mother,2,4,1,no,yes,yes,yes,yes,yes,no,no,5,4,5,3,4,5,0,10,11,9.988333333333333
GP,F,16,U,GT3,T,2,1,other,services,course,mother,1,2,0,no,yes,no,yes,yes,yes,yes,no,5,3,3,1,1,1,0,14,13,14
MS,F,16,U,GT3,T,2,2,other,other,course,mother,1,1,0,no,yes,yes,yes,yes,yes,no,yes,4,2,5,1,2,5,0,17,16,16
MS,M,17,U,GT3,T,1,2,other,other,course,father,1,1,1,no,yes,no,yes,yes,no,yes,yes,5,3,5,5,5,1,12,6,7,7
MS,M,16,U,LE3,T,4,3,other,other,course,father,1,1,0,no,no,no,yes,yes,yes,yes,no,4,2,5,1,5,5,8,14,12,13
MS,M,17,R,LE3,T,2,2,services,services,other,mother,3,4,1,no,no,no,no,yes,yes,no,no,1,3,3.57,3,5,3,2,10,8,9
MS,F,16,U,GT3,T,1,1,other,other,course,other,1,4,0,yes,yes,no,yes,yes,yes,yes,no,2,2,1,1.35,1,5,0,14,14,14
MS,F,19,U,LE3,T,2,2,other,other,home,mother,1,3,0,no,yes,no,no,yes,yes,yes,yes,5,4,5,1,1,1,0,12,13,13.71
MS,F,17,R,GT3,T,1,1,at_home,other,reputation,mother,2,1,0,no,yes,no,yes,no,yes,yes,yes,4,4,5,1,2,5,0,11,11,11
MS,F,20,U,GT3,T,3,3,at_home,services,other,mother,2,2,1,no,no,no,yes,yes,yes,yes,yes,3,3,4,2,4,3,8,11,9,10
MS,F,17,U,LE3,T,1,1,other,at_home,course,father,1,3,0,no,yes,no,no,yes,yes,no,yes,4,3.0975,3,1,1,3,0,11,11,10
MS,M,17,R,GT3,T,2,2,other,other,course,mother,3,1.735,0.27,no,yes,no,no,no,yes,yes,no,4,4,5,1,2,5,0,10,9,9
MS,F,17.05666666666667,R,LE3,T,1,1,at_home,other,course,father,3,2,0,no,yes,no,no,yes,yes,no,no,5,3,2,1,1,1,0,16,17,18
MS,F,17,R,GT3,T,2,2,other,other,course,mother,2,2,0,no,yes,no,yes,yes,yes,no,no,5,3,2,1,1,1,0,15,17,16.14
MS,F,17,U,GT3,A,1,0,other,other,other,mother,2,2,0,no,no,no,no,yes,yes,yes,yes,4,4,5,1.115,1,4,1,11,9,10
MS,F,18,R,GT3,T,1,1,at_home,other,other,mother,1,2,1,no,yes,no,no,yes,yes,yes,yes,4,3,2,1,1,5,9,7,7,7
MS,F,16,U,GT3,T,3,1,other,other,course,mother,1,1,0,no,no,no,yes,yes,yes,yes,no,3,1,3,1,3,1,0,8,6,8
MS,F,16,U,GT3,T,3,2,services,at_home,course,mother,1,1,0,no,no,no,no,yes,yes,yes,no,3,1,3,1,4,3,2,7,6,7
MS,M,18,U,GT3,T,1,1.7566666666666668,other,other,reputation,mother,2,2,0,yes,no,no,no,yes,yes,no,no,2,3,5,1,4,3,8,9,8,10
MS,F,16.738333333333333,R,GT3,T,4,4,health,teacher,reputation,father,1,2,0,no,no,no,yes,no,yes,yes,yes,4,3,3.412166666666667,2,3,2,0,14,16,16
MS,F,16,R,LE3,T,1,2,other,other,reputation,mother,2,1.9866666666666666,0,no,no,no,yes,yes,yes,yes,no,5,4,5,1.55,4,2,0,14,14,14.02
MS,F,18,U,GT3,A,2,4,other,services,reputation,father,1,2,0.53,no,yes,no,no,yes,yes,yes,no,2,3,2,1,3,1,8,8,5,8
MS,F,16,R,GT3,T,2,1,other,services,reputation,mother,2,2,0,no,no,no,yes,yes,yes,yes,no,5,2,1,1,1,2,0,8,7,0
MS,F,16,U,LE3,T,1,1,at_home,other,other,mother,3,2,0,no,yes,no,no,yes,yes,yes,no,4,3,2,1,3,5,6,6,8,8
MS,F,16,R,GT3,T,2,3,at_home,services,other,mother,2,2,0,no,yes,no,yes,yes,yes,yes,no,3,3,3,1,1,2,0,8,10,10
MS,F,16,U,GT3,T,4,4,health,health,course,mother,1,2,0,no,yes,no,no,yes,yes,yes,yes,4,3,4,1,2,3,4,8,8,8
MS,M,18,U,LE3,T,4,4,at_home,health,home,mother,1,4,0,no,yes,no,yes,yes,no,yes,yes,5,3.4493333333333336,5,5,5,5,2,5,6,6
MS,F,16.755,R,LE3,T,3,4,at_home,other,other,mother,3,2,0,no,yes,no,no,no,yes,no,no,4,2,1,1,1,3.64,2,7,9,8
GP,M,17,U,LE3,T,4,4,other,services,home,mother,1,3,0,no,yes,no,no,yes,yes,yes,no,4,4,3,1,2,3.495,0,15,14,16
MS,F,17,R,GT3,T,4,1,other,other,other,mother,1,1,0,no,no,no,no,yes,yes,yes,yes,3.905,2,3,1,2,5,2.6991666666666663,13,14,14
MS,M,16,U,LE3,T,2,2,services,services,other,mother,4,3,0,no,no,no,no,yes,yes,no,no,5,2.793333333333333,3,2,3.0708333333333337,3,0,10,9,10
MS,F,17,R,GT3,T,2,2,at_home,other,other,mother,1,1,0,no,yes,yes,no,yes,yes,yes,no,5,1,3,1,2,5,5,9,9,9
MS,F,16,U,LE3,T,4,4,services,services,other,father,2,1,0,no,yes,no,no,yes,yes,no,no,5,1,3,1,2,5,1,10.586666666666668,11,11
MS,M,17,U,GT3,T,3,3,at_home,services,home,mother,1,1,0,no,yes,no,yes,yes,yes,yes,no,4,1,4,5,5,3,8,7,8.236666666666668,9
MS,M,17,U,GT3,T,1,1,at_home,services,other,mother,3,2,0,no,no,no,no,yes,yes,yes,yes,5,1,3,3,3,1,0,10,10,10.09
MS,M,16,U,GT3,T,2,2.0733333333333333,health,services,other,mother,2,2,0,no,no,no,no,no,yes,yes,yes,4,2,2,1,4,5,2,9,7,8
MS,F,16,U,LE3,T,2,1,other,other,other,mother,1,2,0,no,no,no,no,yes,yes,yes,yes,3,2,2.8725,1,1,3,0,14,15,16
MS,M,16,U,LE3,T,4,4,teacher,health,other,father,1,1,0,no,yes,no,no,yes,yes,yes,no,4,1,2,2,5,5,0,11,12,12
MS,M,15,R,GT3,T,1.715,2,other,services,course,mother,3,2,0,no,yes,no,yes,yes,yes,no,no,5,3.94,5,1,3,5,11,9,11,10
MS,M,15,U,LE3,A,2,2,other,other,reputation,mother,3,1.98,0,no,yes,no,yes,yes,yes,no,no,4.01,3.5316666666666667,5,2,3,5,8,13,14,14
MS,M,15,U,LE3,A,2,1,other,services,course,mother,1,1,0,no,no,no,yes,yes,yes,yes,no,4,3,3,1,2,5,11,12,13,12
MS,F,16,R,LE3,T,2,2,other,other,course,mother,1,3,0,no,yes,no,no,no,yes,yes,yes,4,3,3,2,2,5,2,11,11,11
MS,F,16,U,LE3,T,4,1,other,other,home,mother,2,2,0,no,yes,no,no,yes,yes,yes,no,1,2,4,2,2.9475,1,8,9,10,10
MS,F,17,U,GT3,T,3,2,at_home,other,home,mother,2,1.92,0,no,no,no,no,yes,yes,no,yes,4,3,3,2,2,1,5,9,11,11
MS,F,17,R,GT3,T,2,2,other,other,other,mother,2,2,0,yes,no,yes,no,yes,yes,no,no,5,1,3,1,1,5,0,11,9,11
MS,M,16,U,GT3,T,4,4,teacher,services,course,mother,2,3,0,no,yes,no,no,yes,yes,yes,yes,5,3,2.82,1,4,5,1,10,11,12
MS,M,17.27,R,GT3,T,4,4,health,other,course,father,3,1,3,no,no,no,yes,yes,yes,yes,yes,3,3.1,3,1,3,5,2,9,9,8
MS,M,17,R,LE3,T,1,3,other,other,course,father,2,1,0,no,no,no,yes,yes,yes,no,yes,5,1,2,3,3,5,2,12,11,12
MS,M,17,U,GT3,T,3,4,other,other,other,mother,1,2,1,no,yes,no,yes,no,yes,yes,yes,5,4,4,3,4,5,8,8,9,8
MS,F,17,U,GT3,T,4,4,health,health,course,mother,1,2,0,no,yes,no,no,yes,yes,yes,no,5,2,5,1,1,5,0,13,15,16
MS,M,16,R,LE3,T,4,1,other,at_home,course,father,1.78,1,0,no,no,no,no,yes,yes,no,no,4,1,2,2,1,2,0,10,11,11
MS,F,17,U,GT3,A,1,1,at_home,at_home,other,mother,1,2,0,no,no,no,yes,yes,yes,yes,yes,4,5,5,1,2,3,4.194,11,10,11
MS,F,17,R,GT3,T,4,2,other,other,course,mother,2,2,0,yes,yes,no,no,no,yes,yes,no,4,3,3,2,3,5,0,17,18,15.77
MS,M,16,U,LE3,A,2,2,other,services,course,father,2,2,0,no,yes,no,no,yes,yes,yes,yes,4,1,2,2,2,5,0,12,13,13
MS,M,17,U,GT3,T,3,2,other,other,home,father,2,2,0,no,yes,yes,no,yes,yes,yes,no,4,1,2,2,2,1,0,13,14,14.18
MS,M,19,U,GT3,T,1,1,other,other,other,mother,1,2,2,no,yes,no,yes,yes,no,yes,no,4,4,3,3,4,4,2,9,9,10
MS,M,17,U,LE3,A,1,0,other,other,home,mother,1,1,0,no,no,no,no,yes,yes,no,yes,4,1,2,1,1,5,4,11,11,12
MS,F,17,R,GT3,T,1.575,1,at_home,at_home,course,father,2,1,0,no,yes,no,yes,yes,no,no,yes,3,5,5,2,2,4,3,10,11,10
MS,F,16,R,GT3,T,1,2,other,other,home,father,1,3,0,yes,yes,no,no,no,yes,yes,yes,4,3,4,1,1,3,5,13,14,13
MS,M,16,R,LE3,T,1,2,other,at_home,course,mother,1,1,0,no,no,no,no,yes,yes,no,no,4,4,4,2,4,5,4,9,10,11
MS,F,17,R,GT3,T,3,1,other,other,course,mother,2,2,3,no,yes,no,yes,no,yes,yes,yes,5,4,4,1,1,5,2,7,9,8.93
MS,M,17,R,GT3,T,2,2,other,other,course,mother,2.1575,1,0,no,no,no,yes,yes,no,no,yes,5,5,5,3,5,5,0,8,13,10
MS,M,18,R,GT3,T,1,0,at_home,at_home,course,other,3,1,1,yes,yes,no,no,yes,yes,no,no,4,3,2,1,1,4,0,12,12,13
MS,M,17,R,GT3,T,1,1,other,services,course,mother,2,1,0,no,yes,no,yes,no,yes,yes,yes,4,5,5,1,3,2,0,10,9,10
MS,M,18,U,LE3,T,1,1,at_home,at_home,course,mother,1.64,2,0,no,yes,no,yes,yes,yes,no,no,4,3,3,1,4,5,6,10,9,10
MS,F,16,R,LE3,T,2,2,other,services,course,father,1,2,0,no,no,no,yes,yes,yes,yes,yes,5,4,3,1,1.655,1,0,11,13,12
MS,M,17,U,GT3,T,1.79,2,other,other,course,mother,1,1,1,no,no,no,yes,yes,yes,no,yes,1,2,1,2,3,5,0,7,0,0
MS,M,16,R,GT3,T,3,2,services,other,course,father,2,1,0,no,no,no,no,yes,yes,yes,no,4,5,5,2,3,5,2,11,9,10
MS,M,16,R,LE3,T,1,1,at_home,other,course,mother,2,1,0,no,no,no,no,yes,yes,yes,no,4,5,5,2,4,5,0,10,10,9
MS,M,18,R,GT3,T,1,1,services,other,course,other,2,1,1,no,yes,no,no,yes,no,yes,yes,5,3,3,2,3,5,2,9,7,9
MS,M,18,R,GT3,T,3,2,services,other,course,mother,1,1,1,no,no,no,no,yes,no,yes,no,2,3,1,2,2,5,0,4,5.963333333333333,0
MS,M,19,U,GT3,T,3,2,at_home,services,course,mother,2,1,3,no,no,no,yes,yes,yes,no,no,3,2,1,1,1,3,4,6,11,9
MS,F,17.69,U,GT3,T,3,3,at_home,at_home,course,mother,1,2,2,no,yes,no,yes,yes,no,yes,no,4,3.705,5,1,3,3,9,4,8,8
MS,M,16,R,GT3,T,2,2,services,services,course,mother,2,1,0,no,yes,no,yes,yes,yes,yes,yes,5,4,3,2,4,4,6,8.685,8,8
MS,M,19,U,GT3,T,2,1,at_home,other,course,other,2,1,3,no,no,no,yes,no,no,yes,yes,4,4,3,1,3,5,4,8,9,9
MS,F,16,U,GT3,A,3,2,services,at_home,course,mother,2,2,2,no,yes,no,yes,yes,yes,no,yes,2,5,5,1,1,1,8,5,5,6.735
MS,F,17,U,GT3,T,1,1,other,at_home,course,mother,1,1,0,no,yes,no,yes,yes,yes,no,no,4,3,2,1,2,5,9,7,9,10
MS,M,20,R,GT3,T,1,1,other,other,course,other,2,1,1,no,yes,no,no,yes,no,yes,yes,4,4,3,2,4,4,12,8,8.732666666666667,10
GP,F,18,R,GT3,A,4,3,services,services,course,mother,1,1,0,no,yes,no,no,yes,yes,yes,no,5,4,4,3,4,2,8,10,11,10
MS,M,18,R,GT3,T,3,2,other,other,course,mother,2.415,1,0,no,yes,no,no,no,yes,yes,no,2,5,5,5,5,5,8,9,10,11
MS,M,19,R,GT3,T,1,1,other,services,home,other,3,2,1,no,no,no,no,yes,yes,yes,no,5,4,4,3,3,2,8,10,9,11
MS,M,17,U,GT3,T,3,3,health,other,course,mother,2,2,1,no,yes,no,no,yes,yes,yes,no,4,5,4,2,3,3,4,8,9,10
MS,M,17.11,U,LE3,T,1,3,at_home,services,course,mother,1,1,0,no,no,no,no,yes,no,yes,yes,4,3,3,2,3,3,0,9,9.27,9
MS,M,19,R,GT3,T,1,1,other,other,home,other,3,1.545,1,no,yes,no,no,yes,yes,yes,no,4,4,4,3,3.29,5,4,8,9,10
MS,F,18,U,GT3,A,1,1.325,at_home,other,course,mother,2,2,2,no,yes,no,no,yes,yes,no,no,4,3,3,1,1,5,2,6,8,8
MS,F,19,U,LE3,T,1,1,at_home,other,course,mother,1.79,1,0,no,yes,no,no,yes,no,no,no,1,3.34,4,1,1,5,0,6,8,7
MS,F,18,R,GT3,T,2,2,other,other,other,mother,1.9783333333333335,1,1,no,no,no,no,yes,no,yes,yes,5,5,5,1,1,3,0,8,6,0
MS,F,17,R,GT3,T,0,0,at_home,other,other,mother,2,1.8533333333333335,0,no,yes,no,no,yes,yes,yes,no,4,4,3,1,1,5,0,10,11,11
MS,F,17,R,LE3,A,3,1,other,at_home,course,other,2,3,0,no,yes,yes,no,yes,no,no,no,3.225,2,3,2,2,3,5,8,7,8
MS,F,17,U,GT3,T,4,2,teacher,services,home,mother,1,2,0,yes,yes,no,yes,yes,yes,yes,no,5,5,5,1,3,5,0,8,8,0
MS,F,18,R,LE3,T,2,2.07,services,services,course,mother,1,2,0.54,no,yes,no,yes,yes,yes,yes,no,2,3,3,1,2,4,3,8.291,6,8
MS,F,17,U,GT3,T,4,1,health,at_home,course,mother,1,1,0,no,yes,no,no,yes,yes,no,yes,3,2,2,1,1,5,0,8,8.995,9
MS,F,17,U,LE3,T,1,2,at_home,other,course,mother,1,1,0,no,no,no,no,yes,yes,yes,no,5,5,1,1,1,3,0,7,10,10
MS,F,18,U,GT3,T,1,1,other,other,course,mother,3,2,2,no,yes,no,yes,yes,yes,no,yes,3,3.68,4,2,3.07,5,3,7,8,7
MS,F,16.58,U,GT3,T,2,2,services,other,reputation,father,2,2,0,no,no,no,yes,no,yes,yes,no,4,3,5,1,1,1,2,12,13,14
MS,F,17,U,GT3,T,3,3,services,services,course,mother,2,1,0,no,yes,no,no,yes,yes,yes,no,4,4,3,1,1,4,0,11,12,13
MS,F,18,U,LE3,A,1,2,at_home,other,reputation,mother,2,2,0,no,no,no,no,yes,yes,yes,no,4,4,3,1,2,4,0,12,13,14
MS,F,18,U,GT3,T,4,4,teacher,teacher,reputation,mother,2,2,0,no,no,no,yes,no,yes,yes,no,4,3,5,1,2,1,0,18,18,18
MS,M,18,U,LE3,T,3.25,4,services,other,reputation,mother,1,1,0,no,yes,no,yes,yes,yes,yes,no,5,4,5,1,1,5,3,17,17,17
MS,F,17,U,GT3,T,4,2,other,other,course,mother,2,2,0,no,yes,no,no,yes,yes,yes,no,4.27,3,3,1,2,4,0,17,18,18
MS,F,18,R,GT3,T,2,2,at_home,other,course,mother,3,2,1,no,no,no,yes,yes,yes,no,yes,4,3,3,1,1,4,0,9,0,0
MS,M,16.64,U,LE3,T,1,2,at_home,services,home,mother,2,1,0,no,yes,no,yes,no,yes,yes,yes,4,1,4,5,5,1,8,10,11,11
MS,M,18,R,GT3,T,4,4,at_home,services,other,mother,3,1,0,no,yes,no,yes,yes,yes,yes,yes,2,5,5,1,1,1,5,9.705,9.62,10.38
MS,M,17,R,GT3,T,1.368,1,other,services,other,father,3,1,0,no,no,no,no,no,no,no,no,4,2,3,3,4,4,4,12,13,14
MS,F,18,U,GT3,T,2,2,other,other,course,mother,2,2,0,no,yes,no,no,no,yes,yes,yes,1,3,1,1,1,2,4,8,8,10
MS,M,18,U,LE3,T,2,2,services,services,course,father,2,3,0,no,no,no,no,yes,yes,yes,yes,5,4,5,1,4,3,0,11,12,13
MS,F,18,R,LE3,A,4,2,teacher,other,reputation,mother,1,2,0,no,no,no,yes,yes,yes,yes,yes,5,3,1,1,1,5,0,5,0,6.46
MS,F,18,U,GT3,T,1.19,1,at_home,services,course,mother,1.56,2,1,no,no,no,no,yes,no,no,no,4,4,2,1,2,2,2,9,10,10
MS,F,19,U,GT3,T,1,1,at_home,services,other,father,1.865,1,1,no,no,no,yes,yes,no,no,no,5,5,5,2,3,2,0,5,0,0
MS,F,17,U,GT3,T,4,2,teacher,services,course,father,2,4,0,no,no,no,no,yes,yes,yes,yes,4,2,3,3,1,5,0,18,18,18
MS,F,17,R,LE3,A,2,1,services,other,reputation,mother,2,2,0,no,no,no,yes,yes,yes,yes,yes,5,3,3,1,2,2,5,11,11,12
MS,F,18,U,LE3,A,1,1,at_home,services,course,mother,1,2,0,no,no,no,no,yes,yes,no,yes,5,2,3,1,2,3,2,8,10,11
MS,F,18,U,GT3,T,1,2,at_home,at_home,course,father,2,1.94,0,no,yes,no,no,yes,no,no,no,4,1,1,1,1,4,0,11,11,12
MS,F,19,R,GT3,A,1,1,at_home,at_home,course,other,2,2,3,no,yes,no,yes,yes,no,no,yes,3,5,3.8,1,4,1,0,7,6.57,0
MS,F,18,R,GT3,T,2,2,services,other,home,mother,2,3,0.00999999999999963,no,no,no,no,yes,yes,yes,yes,4,2,1,1,1,4,5,14,14,15
MS,M,17,R,GT3,T,4,3,services,other,course,mother,2,2,0.0966666666666665,no,yes,yes,yes,no,yes,yes,yes,4,5,5,1,3,2,4,10,11,11
MS,F,18,U,GT3,T,3,3,services,services,course,father,1.68,2,0,no,no,no,no,yes,yes,no,yes,5,3,4,1,1,5,0,10,10,10
MS,F,17,R,GT3,T,4,4,teacher,services,other,father,2,2,0,no,yes,yes,yes,yes,yes,yes,no,4,3,3,1,2,5,2,12,12,12
MS,F,17,U,LE3,A,3,2,services,other,reputation,mother,2,2,0,no,no,no,no,yes,yes,no,yes,1,2,3,1.37,2,5,0,15,14,15
MS,M,18,U,LE3,T,1,1,other,services,home,father,2,1,0,no,no,no,no,no,yes,yes,yes,4.12,3,2,1,2,3,2,14,13,14
MS,F,18,U,LE3,T,1,1,at_home,services,course,father,2,2.56,0,no,no,no,no,yes,yes,yes,no,5,3,2,1,1,4,0,19,17,18
MS,F,18,R,LE3,A,1,2,at_home,other,course,mother,3,2,0,no,no,no,no,yes,yes,no,yes,4,3,3.1741666666666664,1,4,5,0,16,15,15
MS,F,18,U,GT3,T,3,3,services,services,other,mother,2,2,0.00999999999999962,no,yes,no,no,yes,yes,yes,yes,4,3,2,1,3,3,6,13,12,13
MS,F,17,U,LE3,T,4,4,at_home,at_home,course,mother,1,2,0,no,yes,no,yes,yes,yes,yes,yes,4.003333333333334,3,4,1,1,1,4,15,14.299000000000001,15
MS,F,17,R,GT3,T,1,2,other,services,course,father,2.1366666666666667,2,0,no,no,no,no,no,yes,no,no,3,2,2,1,2,3,0,13,13,13
MS,M,18,R,GT3,T,1,3,at_home,services,course,mother,2,2,0,no,no,yes,no,yes,yes,no,no,3,3,4,2,4,3,0,8,10,9
MS,M,18,U,LE3,T,4,4,teacher,services,other,mother,2,3,0,no,no,no,no,yes,yes,yes,yes,4,2,2,2,2,5,0,15,16,16
MS,F,17,R,GT3,T,1,1,other,services,reputation,mother,3,1,1,no,yes,no,no,yes,yes,yes,yes,5,2,1,1,2,1,0,8,8,9
MS,F,18,U,GT3,T,2,3,at_home,services,course,father,2,1,0,no,yes,no,no,yes,yes,yes,yes,5,2,3,1,2,4,0,9.725,10,10
MS,F,18,R,GT3,T,4,4,other,teacher,other,father,3,2,0,no,yes,no,no,no,yes,yes,yes,3,2,2,4,2,5,0,7,5,0
MS,M,18,R,LE3,T,1,2,at_home,services,other,father,3,1,0,no,yes,no,yes,yes,no,yes,yes,4,3,3,2,3,3,3,9,10,10
MS,F,17,U,GT3,T,2,2,other,at_home,home,mother,1,3,0,no,no,no,yes,yes,yes,no,yes,3,4,3,1,1,3,8,10,11,12
MS,F,17,R,GT3,T,1,2,other,other,course,mother,1,1,0,no,no,no,yes,yes,yes,yes,no,3,5,5,1,3,1,4,7,8,9
MS,F,18,R,LE3,T,2.8033333333333332,4,other,other,reputation,mother,2,3,0,no,no,no,no,yes,yes,yes,no,5,4,4,1,1,1,0,15,17,17
MS,F,18,R,GT3,T,1,1,at_home,other,home,mother,4,2.01,0,no,no,no,no,yes,yes,yes,no,4,3,2,1,2,4,4,10,11,12
MS,F,19,R,GT3,T,1,1,at_home,other,course,other,2,1.93,1,no,yes,no,no,yes,yes,yes,yes,4,3.44,3,1,1,3,4,7,8,9
MS,M,16.36,R,LE3,T,3.77,4,teacher,services,course,mother,1,2,0,no,no,no,yes,yes,yes,yes,no,3.95,4,3,3,4,2,1,13,14,14
MS,F,18,U,GT3,T,3,3,other,other,home,mother,1,2,0,no,no,no,no,yes,yes,yes,yes,4,1,3,1,2,1,1,16,16,16
MS,F,17,R,GT3,T,3,1,at_home,other,reputation,mother,1,2,0,no,yes,no,yes,no,yes,yes,no,4,5,4,2,3,1,10,8,9,9
MS,M,18,U,GT3,T,4,4,teacher,teacher,home,mother,1,2,0,no,no,no,yes,no,yes,yes,no,3,3.391666666666666,4,1,4,2,4,17,18,19
MS,F,18,R,GT3,T,2,1,other,other,other,mother,2,1,0,no,no,no,yes,no,yes,yes,yes,4,4,3,1,3,5,0,7,7,0
MS,M,17,U,GT3,T,2,2.0941666666666667,other,services,home,father,1.54,2,0,no,no,no,yes,yes,yes,yes,no,4,4,3,1,1,3,4,14.18,15,16
MS,M,19,R,GT3,T,1,1,other,services,other,mother,2.015,1,1,no,no,no,no,yes,yes,no,no,4,3,2,1,3,5,0,8.002333333333333,8,0
MS,M,18,R,GT3,T,4,2,other,other,home,father,2,1.73,1,no,no,yes,no,yes,yes,yes,no,5,4,3,4,3,3,0,7,7,0
MS,F,18,R,GT3,T,2,2,at_home,other,other,mother,2,3,0,no,no,no,no,yes,yes,no,no,5,3,3,1,3,4,0,14,17,15
MS,F,17,R,GT3,T,4,3,teacher,other,other,mother,2,2,0,no,no,no,no,yes,yes,yes,no,5,5,4,1,1,1,0,6,9,11
MS,F,18,R,GT3,T,4,4,teacher,at_home,reputation,mother,3,1,0,no,yes,no,yes,yes,yes,yes,yes,4,4,3,2,2,5,4,7,9,10
MS,F,19,R,GT3,T,2,3,services,other,course,mother,1,3,1,no,no,no,yes,no,yes,yes,no,5,4,2,1,2,5,3.7025,10,11,10
MS,F,18,U,LE3,T,3,1,services,services,course,mother,1,2,0,no,yes,no,no,yes,yes,yes,no,4,3,4,1,1,2.91,4,15,15,16
MS,F,18,R,GT3,T,1,1,other,other,course,mother,2,2,0.31999999999999995,no,no,no,yes,yes,yes,no,no,3.753333333333333,1,1,1,1,5,6,11,12,9
MS,M,17,U,LE3,T,3,1,services,services,course,mother,1.8,1,0,no,no,no,no,yes,yes,yes,no,2,4,5,3,4,2,6,10,9.3966666666666665,10
MS,M,18,R,LE3,T,3,2,services,other,course,mother,3,1,0,no,no,no,no,no,yes,yes,no,4,4,1,3,4,5,4,10,9.575,10.08
